timestamp,user,event,src_ip,src_country,vpn_used,vpn_exit_country,asn,device,auth_method
2026-01-01T02:56:30,peer2,login_success,51.122.79.9,UK,False,UK,AS-VIRGIN,corp-laptop-11,push_mfa
2026-01-01T02:58:13,peer2,mfa_challenge,51.58.209.138,UK,False,UK,AS-VIRGIN,corp-laptop-11,push_mfa
2026-01-01T03:59:33,peer2,login_success,51.166.178.180,UK,False,UK,AS-BT,corp-workstation-7,push_mfa
2026-01-01T04:01:11,peer2,mfa_challenge,51.208.10.46,UK,False,UK,AS-BT,corp-workstation-7,push_mfa
2026-01-01T04:14:37,peer1,login_success,51.119.130.168,UK,False,UK,AS-VIRGIN,corp-workstation-7,push_mfa
2026-01-01T04:16:13,peer1,mfa_challenge,51.99.26.70,UK,False,UK,AS-VIRGIN,corp-laptop-11,push_mfa
2026-01-01T06:23:35,engineer.a,login_success,51.78.160.179,UK,False,UK,AS-VIRGIN,corp-laptop-22,webauthn
2026-01-01T06:24:30,engineer.a,mfa_challenge,51.19.211.192,UK,False,UK,AS-VIRGIN,corp-workstation-7,password+mfa
2026-01-01T10:47:14,peer3,login_success,51.91.116.58,UK,True,UK,AS-ORCHID-CORP,corp-workstation-7,password+mfa
2026-01-01T11:11:30,peer4,login_success,51.84.11.122,UK,False,UK,AS-BT,corp-laptop-11,push_mfa
2026-01-01T12:13:14,peer3,login_success,51.5.166.47,UK,False,UK,AS-BT,corp-laptop-14,webauthn
2026-01-01T12:13:43,peer3,mfa_challenge,51.218.71.17,UK,False,UK,AS-BT,corp-laptop-11,webauthn
2026-01-01T13:32:11,peer2,login_success,51.52.55.36,UK,True,UK,AS-BT,corp-laptop-14,push_mfa
2026-01-01T16:22:05,peer3,login_success,51.146.41.208,UK,False,UK,AS-BT,corp-laptop-14,webauthn
2026-01-01T18:21:58,peer4,login_success,51.212.54.178,UK,False,UK,AS-VIRGIN,corp-laptop-22,push_mfa
2026-01-01T18:23:52,peer4,mfa_challenge,51.131.21.82,UK,False,UK,AS-VIRGIN,corp-laptop-22,push_mfa
2026-01-01T20:09:58,peer5,login_success,51.43.166.218,UK,False,UK,AS-VIRGIN,corp-workstation-7,webauthn
2026-01-01T20:10:19,peer5,mfa_challenge,51.221.53.55,UK,False,UK,AS-VIRGIN,corp-laptop-11,password+mfa
2026-01-02T02:54:10,peer4,login_success,51.63.204.39,UK,True,UK,AS-BT,corp-laptop-14,push_mfa
2026-01-02T02:54:26,engineer.a,login_success,34.248.169.54,US,False,US,AS-COMCAST,corp-workstation-7,webauthn
2026-01-02T02:56:21,engineer.a,mfa_challenge,34.250.121.52,US,False,US,AS-COMCAST,corp-laptop-22,push_mfa
2026-01-02T05:17:15,peer5,login_success,91.68.206.125,DE,False,DE,AS-DE-TELEKOM,corp-laptop-14,push_mfa
2026-01-02T05:18:19,peer5,mfa_challenge,91.213.31.45,DE,False,DE,AS-DE-TELEKOM,corp-workstation-7,webauthn
2026-01-02T06:04:21,peer2,login_success,51.215.194.166,UK,False,UK,AS-ORCHID-CORP,corp-laptop-22,push_mfa
2026-01-02T06:16:02,peer4,login_success,51.223.36.188,UK,False,UK,AS-ORCHID-CORP,corp-workstation-7,password+mfa
2026-01-02T10:43:40,peer5,login_success,91.145.229.83,DE,False,DE,AS-HETZNER,corp-laptop-14,password+mfa
2026-01-02T10:44:04,peer5,mfa_challenge,91.155.134.176,DE,False,DE,AS-HETZNER,corp-laptop-11,push_mfa
2026-01-02T12:42:22,peer3,login_success,91.11.204.56,DE,True,UK,AS-DE-TELEKOM,corp-workstation-7,webauthn
2026-01-02T14:41:05,peer3,login_success,51.118.28.17,UK,True,UK,AS-VIRGIN,corp-laptop-22,webauthn
2026-01-02T14:43:01,peer3,mfa_challenge,51.161.22.165,UK,True,UK,AS-VIRGIN,corp-workstation-7,push_mfa
2026-01-02T16:02:46,peer4,login_success,51.49.196.186,UK,True,UK,AS-BT,corp-workstation-7,webauthn
2026-01-02T16:04:03,peer4,mfa_challenge,51.86.21.192,UK,True,UK,AS-BT,corp-workstation-7,webauthn
2026-01-02T16:22:18,peer4,login_success,34.201.69.40,US,False,US,AS-ATT,corp-laptop-22,push_mfa
2026-01-02T16:31:23,peer5,login_success,51.50.8.22,UK,False,UK,AS-BT,corp-workstation-7,push_mfa
2026-01-02T16:31:51,peer5,mfa_challenge,51.134.8.185,UK,False,UK,AS-BT,corp-laptop-14,webauthn
2026-01-02T19:27:04,peer3,login_success,51.237.60.214,UK,False,UK,AS-ORCHID-CORP,corp-laptop-11,webauthn
2026-01-02T22:01:56,peer5,login_success,51.123.211.114,UK,False,UK,AS-BT,corp-workstation-7,webauthn
2026-01-02T22:26:26,peer3,login_success,91.137.189.136,DE,False,DE,AS-DE-TELEKOM,corp-laptop-22,webauthn
2026-01-02T22:28:22,peer3,mfa_challenge,91.6.34.0,DE,False,DE,AS-DE-TELEKOM,corp-laptop-14,webauthn
2026-01-02T23:35:54,peer1,login_success,51.201.12.230,UK,True,UK,AS-VIRGIN,corp-workstation-7,push_mfa
2026-01-02T23:37:23,peer1,mfa_challenge,51.171.66.23,UK,True,UK,AS-VIRGIN,corp-workstation-7,webauthn
2026-01-03T01:13:27,peer2,login_success,51.21.155.159,UK,True,UK,AS-BT,corp-laptop-11,push_mfa
2026-01-03T01:13:53,peer2,mfa_challenge,51.82.115.200,UK,True,UK,AS-BT,corp-laptop-11,push_mfa
2026-01-03T01:25:08,peer5,login_success,91.176.218.248,DE,True,UK,AS-DE-TELEKOM,corp-laptop-14,push_mfa
2026-01-03T01:25:21,peer5,mfa_challenge,91.37.86.36,DE,True,UK,AS-DE-TELEKOM,corp-workstation-7,webauthn
2026-01-03T01:26:35,peer2,login_success,51.200.150.156,UK,False,UK,AS-BT,corp-laptop-11,password+mfa
2026-01-03T01:28:07,peer2,mfa_challenge,51.71.84.33,UK,False,UK,AS-BT,corp-laptop-14,webauthn
2026-01-03T03:27:37,peer5,login_success,51.40.126.20,UK,False,UK,AS-ORCHID-CORP,corp-laptop-22,webauthn
2026-01-03T07:11:27,engineer.a,login_success,51.204.147.1,UK,False,UK,AS-VIRGIN,corp-laptop-11,push_mfa
2026-01-03T09:21:13,peer3,login_success,51.247.245.190,UK,False,UK,AS-ORCHID-CORP,corp-workstation-7,push_mfa
2026-01-03T09:21:55,peer3,mfa_challenge,51.140.125.30,UK,False,UK,AS-ORCHID-CORP,corp-workstation-7,webauthn
2026-01-03T11:51:45,peer4,login_success,34.125.248.202,US,False,US,AS-ATT,corp-workstation-7,push_mfa
2026-01-03T17:50:20,peer1,login_success,51.215.135.171,UK,False,UK,AS-BT,corp-laptop-11,webauthn
2026-01-03T17:52:05,peer1,mfa_challenge,51.9.173.215,UK,False,UK,AS-BT,corp-workstation-7,push_mfa
2026-01-03T21:13:14,engineer.a,login_success,51.100.86.94,UK,True,UK,AS-VIRGIN,corp-laptop-11,password+mfa
2026-01-04T01:43:37,peer2,login_success,91.45.44.4,DE,False,DE,AS-HETZNER,corp-laptop-11,webauthn
2026-01-04T01:53:32,engineer.a,login_success,34.27.143.76,US,True,UK,AS-ATT,corp-laptop-11,push_mfa
2026-01-04T03:59:14,peer1,login_success,51.103.117.195,UK,False,UK,AS-ORCHID-CORP,corp-workstation-7,push_mfa
2026-01-04T04:00:24,peer1,mfa_challenge,51.110.13.228,UK,False,UK,AS-ORCHID-CORP,corp-laptop-11,webauthn
2026-01-04T04:52:24,peer3,login_success,91.174.225.150,DE,False,DE,AS-HETZNER,corp-laptop-11,webauthn
2026-01-04T11:11:58,peer5,login_success,51.97.156.230,UK,False,UK,AS-VIRGIN,corp-laptop-14,webauthn
2026-01-04T11:14:09,peer5,login_success,34.124.78.202,US,False,US,AS-ORCHID-CORP-US,corp-laptop-11,password+mfa
2026-01-04T11:14:24,peer5,mfa_challenge,34.248.84.2,US,False,US,AS-ORCHID-CORP-US,corp-workstation-7,webauthn
2026-01-04T11:32:36,peer5,login_success,51.56.149.200,UK,True,UK,AS-ORCHID-CORP,corp-laptop-11,push_mfa
2026-01-04T12:15:29,peer1,login_success,51.57.73.55,UK,False,UK,AS-ORCHID-CORP,corp-laptop-14,push_mfa
2026-01-04T12:16:19,peer1,mfa_challenge,51.43.234.215,UK,False,UK,AS-ORCHID-CORP,corp-laptop-11,push_mfa
2026-01-04T13:25:19,peer2,login_success,51.45.237.114,UK,False,UK,AS-ORCHID-CORP,corp-laptop-14,push_mfa
2026-01-04T13:27:15,peer2,mfa_challenge,51.252.240.218,UK,False,UK,AS-ORCHID-CORP,corp-laptop-11,webauthn
2026-01-04T14:42:45,peer4,login_success,91.152.122.129,DE,False,DE,AS-HETZNER,corp-workstation-7,push_mfa
2026-01-04T14:44:40,peer4,mfa_challenge,91.199.31.133,DE,False,DE,AS-HETZNER,corp-laptop-14,push_mfa
2026-01-04T16:39:14,engineer.a,login_success,91.94.225.25,DE,True,UK,AS-DE-TELEKOM,corp-laptop-14,password+mfa
2026-01-04T16:39:33,engineer.a,mfa_challenge,91.245.51.35,DE,True,UK,AS-DE-TELEKOM,corp-laptop-22,webauthn
2026-01-04T18:51:30,peer4,login_success,34.34.150.53,US,False,US,AS-ATT,corp-workstation-7,push_mfa
2026-01-04T21:11:24,peer2,login_success,91.137.246.70,DE,False,DE,AS-HETZNER,corp-laptop-22,webauthn
2026-01-04T22:02:10,engineer.a,login_success,91.179.21.218,DE,False,DE,AS-HETZNER,corp-laptop-14,password+mfa
2026-01-04T22:02:17,engineer.a,mfa_challenge,91.229.157.137,DE,False,DE,AS-HETZNER,corp-laptop-22,push_mfa
2026-01-04T22:22:59,peer4,login_success,51.174.244.206,UK,False,UK,AS-ORCHID-CORP,corp-laptop-11,webauthn
2026-01-04T22:23:38,peer4,mfa_challenge,51.206.104.95,UK,False,UK,AS-ORCHID-CORP,corp-laptop-14,password+mfa
2026-01-05T06:38:50,peer5,login_success,51.28.20.107,UK,False,UK,AS-BT,corp-laptop-22,push_mfa
2026-01-05T06:40:06,peer5,mfa_challenge,51.236.206.217,UK,False,UK,AS-BT,corp-laptop-14,push_mfa
2026-01-05T06:54:16,peer4,login_success,51.196.36.131,UK,False,UK,AS-ORCHID-CORP,corp-laptop-14,push_mfa
2026-01-05T09:12:16,peer5,login_success,51.227.47.142,UK,False,UK,AS-ORCHID-CORP,corp-laptop-22,push_mfa
2026-01-05T09:14:09,peer5,mfa_challenge,51.137.125.76,UK,False,UK,AS-ORCHID-CORP,corp-workstation-7,webauthn
2026-01-05T10:13:54,peer2,login_success,34.202.66.193,US,False,US,AS-COMCAST,corp-laptop-22,webauthn
2026-01-05T10:18:17,peer1,login_success,91.78.145.121,DE,False,DE,AS-DE-TELEKOM,corp-workstation-7,password+mfa
2026-01-05T10:18:54,peer1,mfa_challenge,91.91.224.154,DE,False,DE,AS-DE-TELEKOM,corp-laptop-14,webauthn
2026-01-05T10:26:39,peer2,login_success,51.171.36.28,UK,True,UK,AS-VIRGIN,corp-laptop-22,push_mfa
2026-01-05T10:26:58,peer2,mfa_challenge,51.42.51.226,UK,True,UK,AS-VIRGIN,corp-laptop-22,push_mfa
2026-01-05T12:22:49,peer4,login_success,91.172.13.50,DE,True,UK,AS-DE-TELEKOM,corp-workstation-7,webauthn
2026-01-05T12:23:12,peer4,mfa_challenge,91.138.16.20,DE,True,UK,AS-DE-TELEKOM,corp-workstation-7,webauthn
2026-01-05T18:20:06,peer2,login_success,51.61.138.67,UK,False,UK,AS-BT,corp-laptop-14,webauthn
2026-01-05T18:21:24,peer2,mfa_challenge,51.63.194.153,UK,False,UK,AS-BT,corp-laptop-14,push_mfa
2026-01-05T20:16:39,peer3,login_success,51.145.24.158,UK,False,UK,AS-BT,corp-workstation-7,password+mfa
2026-01-05T20:17:17,peer3,mfa_challenge,51.233.130.5,UK,False,UK,AS-BT,corp-laptop-11,push_mfa
2026-01-05T22:21:45,engineer.a,login_success,51.39.159.6,UK,False,UK,AS-BT,corp-laptop-22,webauthn
2026-01-05T22:23:07,engineer.a,mfa_challenge,51.32.243.178,UK,False,UK,AS-BT,corp-laptop-14,push_mfa
2026-01-05T22:55:40,peer5,login_success,51.105.234.119,UK,False,UK,AS-ORCHID-CORP,corp-workstation-7,webauthn
2026-01-05T23:26:59,peer1,login_success,51.168.177.220,UK,False,UK,AS-ORCHID-CORP,corp-workstation-7,push_mfa
2026-01-05T23:28:48,peer1,mfa_challenge,51.100.23.229,UK,False,UK,AS-ORCHID-CORP,corp-laptop-14,webauthn
2026-01-05T23:30:32,peer1,login_success,51.209.83.189,UK,False,UK,AS-ORCHID-CORP,corp-laptop-14,push_mfa
2026-01-05T23:31:28,peer1,mfa_challenge,51.40.2.14,UK,False,UK,AS-ORCHID-CORP,corp-workstation-7,push_mfa
2026-01-06T01:45:19,peer5,login_success,51.113.34.51,UK,False,UK,AS-ORCHID-CORP,corp-laptop-14,password+mfa
2026-01-06T02:32:14,peer3,login_success,91.50.233.23,DE,False,DE,AS-HETZNER,corp-laptop-11,webauthn
2026-01-06T02:33:28,peer3,mfa_challenge,91.33.127.182,DE,False,DE,AS-HETZNER,corp-workstation-7,webauthn
2026-01-06T04:35:49,peer1,login_success,34.124.74.238,US,False,US,AS-ORCHID-CORP-US,corp-workstation-7,webauthn
2026-01-06T04:36:10,peer1,mfa_challenge,34.252.47.142,US,False,US,AS-ORCHID-CORP-US,corp-workstation-7,push_mfa
2026-01-06T06:46:41,peer3,login_success,51.127.35.52,UK,False,UK,AS-VIRGIN,corp-laptop-11,webauthn
2026-01-06T11:16:19,peer5,login_success,51.56.30.124,UK,False,UK,AS-BT,corp-workstation-7,webauthn
2026-01-06T11:17:36,peer5,mfa_challenge,51.117.0.10,UK,False,UK,AS-BT,corp-laptop-22,webauthn
2026-01-06T11:25:21,peer3,login_success,51.133.171.102,UK,False,UK,AS-BT,corp-workstation-7,password+mfa
2026-01-06T11:26:47,peer3,mfa_challenge,51.47.203.229,UK,False,UK,AS-BT,corp-laptop-11,webauthn
2026-01-06T11:55:14,engineer.a,login_success,91.63.41.101,DE,False,DE,AS-DE-TELEKOM,corp-workstation-7,webauthn
2026-01-06T11:56:11,engineer.a,mfa_challenge,91.61.253.149,DE,False,DE,AS-DE-TELEKOM,corp-laptop-22,push_mfa
2026-01-06T14:05:32,peer1,login_success,51.198.121.251,UK,True,UK,AS-ORCHID-CORP,corp-laptop-11,push_mfa
2026-01-06T14:07:19,peer1,mfa_challenge,51.24.68.156,UK,True,UK,AS-ORCHID-CORP,corp-laptop-14,webauthn
2026-01-06T14:57:00,engineer.a,login_success,51.8.245.18,UK,False,UK,AS-VIRGIN,corp-laptop-22,push_mfa
2026-01-06T15:01:50,peer2,login_success,51.155.213.69,UK,False,UK,AS-VIRGIN,corp-laptop-22,password+mfa
2026-01-06T15:03:00,peer2,mfa_challenge,51.231.156.105,UK,False,UK,AS-VIRGIN,corp-laptop-14,push_mfa
2026-01-06T17:47:51,peer3,login_success,51.186.22.150,UK,False,UK,AS-BT,corp-workstation-7,push_mfa
2026-01-06T18:16:59,peer4,login_success,51.48.151.230,UK,True,UK,AS-ORCHID-CORP,corp-laptop-14,webauthn
2026-01-06T18:59:18,peer2,login_success,51.101.205.144,UK,False,UK,AS-BT,corp-workstation-7,password+mfa
2026-01-06T19:00:15,peer2,mfa_challenge,51.135.53.44,UK,False,UK,AS-BT,corp-laptop-14,push_mfa
2026-01-06T21:15:52,peer2,login_success,51.133.185.198,UK,True,UK,AS-ORCHID-CORP,corp-laptop-14,webauthn
2026-01-07T00:06:08,peer1,login_success,51.99.247.33,UK,False,UK,AS-ORCHID-CORP,corp-laptop-14,push_mfa
2026-01-07T00:06:52,peer1,mfa_challenge,51.188.110.5,UK,False,UK,AS-ORCHID-CORP,corp-laptop-14,password+mfa
2026-01-07T01:13:20,peer1,login_success,51.163.38.198,UK,False,UK,AS-VIRGIN,corp-laptop-11,push_mfa
2026-01-07T05:03:44,peer2,login_success,91.253.195.111,DE,True,UK,AS-HETZNER,corp-laptop-14,push_mfa
2026-01-07T05:03:52,peer2,mfa_challenge,91.207.73.63,DE,True,UK,AS-HETZNER,corp-workstation-7,password+mfa
2026-01-07T07:45:49,engineer.a,login_success,51.132.29.67,UK,False,UK,AS-ORCHID-CORP,corp-workstation-7,push_mfa
2026-01-07T07:47:14,engineer.a,mfa_challenge,51.95.139.83,UK,False,UK,AS-ORCHID-CORP,corp-laptop-14,webauthn
2026-01-07T08:25:37,peer5,login_success,34.59.115.98,US,True,UK,AS-ORCHID-CORP-US,corp-laptop-14,webauthn
2026-01-07T11:45:41,peer3,login_success,34.164.130.115,US,False,US,AS-ATT,corp-laptop-14,push_mfa
2026-01-07T11:47:19,peer3,mfa_challenge,34.231.125.105,US,False,US,AS-ATT,corp-workstation-7,password+mfa
2026-01-07T12:50:56,peer5,login_success,51.28.113.22,UK,True,UK,AS-ORCHID-CORP,corp-laptop-14,webauthn
2026-01-07T12:52:09,peer5,mfa_challenge,51.197.251.116,UK,True,UK,AS-ORCHID-CORP,corp-workstation-7,webauthn
2026-01-07T15:15:51,peer5,login_success,51.254.197.207,UK,False,UK,AS-BT,corp-laptop-22,webauthn
2026-01-07T15:17:27,peer5,mfa_challenge,51.28.14.106,UK,False,UK,AS-BT,corp-workstation-7,webauthn
2026-01-07T15:50:05,peer1,login_success,34.194.133.27,US,False,US,AS-ORCHID-CORP-US,corp-laptop-22,webauthn
2026-01-07T16:11:37,peer5,login_success,51.63.179.62,UK,False,UK,AS-ORCHID-CORP,corp-workstation-7,push_mfa
2026-01-07T16:12:15,peer5,mfa_challenge,51.164.108.96,UK,False,UK,AS-ORCHID-CORP,corp-laptop-11,webauthn
2026-01-07T17:02:02,peer3,login_success,34.203.3.214,US,False,US,AS-COMCAST,corp-laptop-22,push_mfa
2026-01-07T17:06:03,peer2,login_success,91.214.142.44,DE,True,UK,AS-DE-TELEKOM,corp-workstation-7,password+mfa
2026-01-07T17:06:44,peer2,mfa_challenge,91.166.252.215,DE,True,UK,AS-DE-TELEKOM,corp-laptop-22,push_mfa
2026-01-07T20:19:48,peer2,login_success,51.172.130.1,UK,False,UK,AS-VIRGIN,corp-laptop-14,password+mfa
2026-01-07T20:42:51,peer4,login_success,51.210.139.206,UK,False,UK,AS-ORCHID-CORP,corp-laptop-22,push_mfa
2026-01-07T22:32:38,peer3,login_success,51.154.245.132,UK,False,UK,AS-VIRGIN,corp-laptop-22,push_mfa
2026-01-07T22:33:58,peer3,mfa_challenge,51.107.51.212,UK,False,UK,AS-VIRGIN,corp-laptop-14,push_mfa
2026-01-08T01:54:01,engineer.a,login_success,34.38.140.21,US,True,UK,AS-ATT,corp-laptop-22,password+mfa
2026-01-08T01:54:57,engineer.a,mfa_challenge,34.1.135.52,US,True,UK,AS-ATT,corp-laptop-11,webauthn
2026-01-08T04:17:55,peer4,login_success,51.13.12.112,UK,False,UK,AS-VIRGIN,corp-workstation-7,push_mfa
2026-01-08T04:18:10,peer4,mfa_challenge,51.113.30.91,UK,False,UK,AS-VIRGIN,corp-workstation-7,push_mfa
2026-01-08T05:03:41,peer4,login_success,51.195.36.31,UK,False,UK,AS-ORCHID-CORP,corp-laptop-22,webauthn
2026-01-08T05:03:47,peer4,mfa_challenge,51.139.223.237,UK,False,UK,AS-ORCHID-CORP,corp-workstation-7,password+mfa
2026-01-08T06:30:09,peer4,login_success,51.196.179.103,UK,True,UK,AS-ORCHID-CORP,corp-laptop-14,webauthn
2026-01-08T06:30:24,peer4,mfa_challenge,51.143.239.129,UK,True,UK,AS-ORCHID-CORP,corp-workstation-7,push_mfa
2026-01-08T07:17:15,peer2,login_success,51.158.106.223,UK,False,UK,AS-ORCHID-CORP,corp-laptop-22,webauthn
2026-01-08T07:19:14,peer2,mfa_challenge,51.164.155.173,UK,False,UK,AS-ORCHID-CORP,corp-laptop-11,push_mfa
2026-01-08T13:56:52,peer3,login_success,34.226.119.184,US,False,US,AS-ORCHID-CORP-US,corp-laptop-22,webauthn
2026-01-08T15:17:15,peer5,login_success,51.126.250.20,UK,False,UK,AS-VIRGIN,corp-laptop-22,webauthn
2026-01-08T20:12:56,peer1,login_success,34.254.136.112,US,True,UK,AS-ORCHID-CORP-US,corp-laptop-22,push_mfa
2026-01-08T20:13:38,peer1,mfa_challenge,34.97.31.183,US,True,UK,AS-ORCHID-CORP-US,corp-workstation-7,push_mfa
2026-01-09T01:15:45,peer2,login_success,91.219.84.41,DE,False,DE,AS-HETZNER,corp-laptop-22,push_mfa
2026-01-09T02:26:32,peer4,login_success,51.72.226.145,UK,False,UK,AS-ORCHID-CORP,corp-laptop-14,password+mfa
2026-01-09T02:27:28,peer4,mfa_challenge,51.163.233.63,UK,False,UK,AS-ORCHID-CORP,corp-laptop-22,webauthn
2026-01-09T07:02:08,peer2,login_success,91.51.168.131,DE,False,DE,AS-HETZNER,corp-laptop-11,webauthn
2026-01-09T07:43:23,peer2,login_success,51.230.233.73,UK,False,UK,AS-ORCHID-CORP,corp-laptop-22,webauthn
2026-01-09T07:43:45,peer2,mfa_challenge,51.152.8.242,UK,False,UK,AS-ORCHID-CORP,corp-laptop-11,push_mfa
2026-01-09T08:06:39,peer2,login_success,51.31.178.181,UK,False,UK,AS-BT,corp-laptop-14,webauthn
2026-01-09T08:26:55,peer5,login_success,51.30.151.239,UK,True,UK,AS-ORCHID-CORP,corp-laptop-14,webauthn
2026-01-09T08:34:06,peer5,login_success,51.32.252.113,UK,True,UK,AS-VIRGIN,corp-laptop-14,webauthn
2026-01-09T08:35:00,peer5,mfa_challenge,51.198.46.229,UK,True,UK,AS-VIRGIN,corp-laptop-22,password+mfa
2026-01-09T10:15:54,engineer.a,login_success,51.242.246.199,UK,False,UK,AS-BT,corp-laptop-14,push_mfa
2026-01-09T10:16:35,engineer.a,mfa_challenge,51.111.250.62,UK,False,UK,AS-BT,corp-laptop-14,webauthn
2026-01-09T11:23:03,peer3,login_success,51.200.72.134,UK,False,UK,AS-BT,corp-workstation-7,push_mfa
2026-01-09T12:29:00,peer5,login_success,91.79.76.147,DE,False,DE,AS-HETZNER,corp-laptop-22,webauthn
2026-01-09T12:29:43,peer5,mfa_challenge,91.62.247.89,DE,False,DE,AS-HETZNER,corp-laptop-11,webauthn
2026-01-09T16:08:39,peer1,login_success,51.189.90.165,UK,False,UK,AS-ORCHID-CORP,corp-laptop-22,webauthn
2026-01-09T16:09:12,peer1,mfa_challenge,51.16.143.118,UK,False,UK,AS-ORCHID-CORP,corp-laptop-11,push_mfa
2026-01-09T18:31:53,peer4,login_success,51.98.61.125,UK,False,UK,AS-VIRGIN,corp-laptop-22,webauthn
2026-01-09T18:33:45,peer4,mfa_challenge,51.127.178.107,UK,False,UK,AS-VIRGIN,corp-workstation-7,push_mfa
2026-01-09T18:48:59,peer4,login_success,51.92.249.147,UK,False,UK,AS-VIRGIN,corp-laptop-14,push_mfa
2026-01-09T18:49:16,peer4,mfa_challenge,51.65.159.98,UK,False,UK,AS-VIRGIN,corp-laptop-11,webauthn
2026-01-10T00:42:31,peer5,login_success,34.69.215.36,US,False,US,AS-COMCAST,corp-laptop-11,push_mfa
2026-01-10T00:43:39,peer5,mfa_challenge,34.209.124.199,US,False,US,AS-COMCAST,corp-laptop-11,push_mfa
2026-01-10T02:30:37,peer4,login_success,51.158.129.229,UK,False,UK,AS-BT,corp-workstation-7,webauthn
2026-01-10T02:32:15,peer4,mfa_challenge,51.123.108.137,UK,False,UK,AS-BT,corp-laptop-22,webauthn
2026-01-10T03:01:35,peer4,login_success,51.33.82.177,UK,True,UK,AS-VIRGIN,corp-laptop-14,webauthn
2026-01-10T03:03:12,peer4,mfa_challenge,51.233.3.49,UK,True,UK,AS-VIRGIN,corp-workstation-7,password+mfa
2026-01-10T04:33:22,peer3,login_success,51.212.154.212,UK,False,UK,AS-VIRGIN,corp-laptop-11,password+mfa
2026-01-10T04:44:39,peer2,login_success,51.175.77.166,UK,True,UK,AS-BT,corp-laptop-14,password+mfa
2026-01-10T04:46:10,peer2,mfa_challenge,51.116.91.7,UK,True,UK,AS-BT,corp-laptop-11,push_mfa
2026-01-10T09:45:41,engineer.a,login_success,91.204.81.162,DE,False,DE,AS-HETZNER,corp-laptop-11,push_mfa
2026-01-10T09:46:57,engineer.a,mfa_challenge,91.137.204.127,DE,False,DE,AS-HETZNER,corp-laptop-22,push_mfa
2026-01-10T10:28:58,peer3,login_success,51.134.222.80,UK,True,UK,AS-BT,corp-laptop-22,webauthn
2026-01-10T10:29:57,peer3,mfa_challenge,51.128.151.85,UK,True,UK,AS-BT,corp-laptop-14,push_mfa
2026-01-10T11:28:49,peer5,login_success,51.41.251.244,UK,False,UK,AS-VIRGIN,corp-workstation-7,push_mfa
2026-01-10T11:29:20,peer5,mfa_challenge,51.249.198.22,UK,False,UK,AS-VIRGIN,corp-laptop-22,push_mfa
2026-01-10T15:04:06,peer5,login_success,51.29.88.80,UK,False,UK,AS-VIRGIN,corp-workstation-7,webauthn
2026-01-10T15:04:12,peer5,mfa_challenge,51.198.93.143,UK,False,UK,AS-VIRGIN,corp-laptop-11,push_mfa
2026-01-10T16:37:23,peer4,login_success,51.146.120.54,UK,False,UK,AS-VIRGIN,corp-laptop-22,push_mfa
2026-01-10T16:38:20,peer4,mfa_challenge,51.67.138.219,UK,False,UK,AS-VIRGIN,corp-laptop-14,password+mfa
2026-01-10T16:47:03,engineer.a,login_success,34.82.226.24,US,False,US,AS-ATT,corp-laptop-11,push_mfa
2026-01-10T16:48:20,engineer.a,mfa_challenge,34.112.74.52,US,False,US,AS-ATT,corp-laptop-22,webauthn
2026-01-10T16:59:52,engineer.a,login_success,34.100.150.105,US,True,UK,AS-ORCHID-CORP-US,corp-workstation-7,password+mfa
2026-01-10T17:00:50,engineer.a,mfa_challenge,34.252.161.219,US,True,UK,AS-ORCHID-CORP-US,corp-workstation-7,push_mfa
2026-01-10T18:23:56,peer5,login_success,51.26.18.230,UK,True,UK,AS-ORCHID-CORP,corp-laptop-22,webauthn
2026-01-10T19:59:59,peer4,login_success,91.24.137.230,DE,False,DE,AS-HETZNER,corp-laptop-22,webauthn
2026-01-10T20:51:11,peer1,login_success,51.115.127.114,UK,False,UK,AS-VIRGIN,corp-laptop-14,password+mfa
2026-01-10T20:51:35,peer1,mfa_challenge,51.208.38.102,UK,False,UK,AS-VIRGIN,corp-laptop-22,webauthn
2026-01-10T22:14:54,peer1,login_success,34.18.145.122,US,False,US,AS-ATT,corp-laptop-11,webauthn
2026-01-11T03:46:02,peer1,login_success,51.235.144.197,UK,False,UK,AS-BT,corp-laptop-22,webauthn
2026-01-11T03:47:30,peer1,mfa_challenge,51.11.74.208,UK,False,UK,AS-BT,corp-laptop-14,push_mfa
2026-01-11T03:54:55,peer3,login_success,91.222.238.89,DE,False,DE,AS-HETZNER,corp-laptop-22,webauthn
2026-01-11T04:36:20,peer4,login_success,34.157.99.95,US,True,UK,AS-ATT,corp-laptop-11,password+mfa
2026-01-11T05:13:28,engineer.a,login_success,103.187.193.165,SG,True,UK,AS-OVH-SG,corp-workstation-7,webauthn
2026-01-11T05:13:36,engineer.a,mfa_challenge,103.150.39.16,SG,True,UK,AS-OVH-SG,corp-laptop-11,webauthn
2026-01-11T11:30:46,peer2,login_success,51.61.147.37,UK,False,UK,AS-BT,corp-workstation-7,push_mfa
2026-01-11T16:35:19,engineer.a,login_success,51.156.180.145,UK,False,UK,AS-BT,corp-laptop-11,push_mfa
2026-01-11T18:53:46,peer5,login_success,51.196.145.27,UK,False,UK,AS-BT,corp-laptop-22,webauthn
2026-01-11T18:55:13,peer5,mfa_challenge,51.189.32.245,UK,False,UK,AS-BT,corp-laptop-14,push_mfa
2026-01-11T21:14:22,peer1,login_success,91.176.202.4,DE,True,UK,AS-DE-TELEKOM,corp-laptop-22,push_mfa
2026-01-11T21:15:45,peer1,mfa_challenge,91.241.83.82,DE,True,UK,AS-DE-TELEKOM,corp-laptop-22,webauthn
2026-01-11T21:38:25,peer1,login_success,51.226.220.159,UK,True,UK,AS-VIRGIN,corp-laptop-22,webauthn
2026-01-12T01:49:17,peer3,login_success,51.53.168.177,UK,False,UK,AS-BT,corp-laptop-14,push_mfa
2026-01-12T01:50:46,peer3,mfa_challenge,51.90.165.157,UK,False,UK,AS-BT,corp-laptop-11,push_mfa
2026-01-12T02:00:40,peer5,login_success,51.145.115.39,UK,True,UK,AS-ORCHID-CORP,corp-workstation-7,webauthn
2026-01-12T02:01:02,peer5,mfa_challenge,51.178.252.162,UK,True,UK,AS-ORCHID-CORP,corp-laptop-14,webauthn
2026-01-12T03:39:04,peer4,login_success,51.155.175.220,UK,False,UK,AS-BT,corp-laptop-22,push_mfa
2026-01-12T03:55:14,peer4,login_success,34.58.218.153,US,False,US,AS-COMCAST,corp-laptop-22,push_mfa
2026-01-12T03:56:11,peer4,mfa_challenge,34.96.165.196,US,False,US,AS-COMCAST,corp-laptop-22,password+mfa
2026-01-12T06:49:21,peer3,login_success,51.242.133.64,UK,False,UK,AS-VIRGIN,corp-laptop-22,webauthn
2026-01-12T06:50:04,peer3,mfa_challenge,51.80.43.122,UK,False,UK,AS-VIRGIN,corp-laptop-14,webauthn
2026-01-12T06:54:14,peer5,login_success,91.229.214.230,DE,False,DE,AS-HETZNER,corp-laptop-14,push_mfa
2026-01-12T06:54:37,peer5,mfa_challenge,91.247.21.72,DE,False,DE,AS-HETZNER,corp-laptop-14,push_mfa
2026-01-12T07:38:38,peer3,login_success,51.48.187.209,UK,False,UK,AS-VIRGIN,corp-workstation-7,webauthn
2026-01-12T07:39:44,peer3,mfa_challenge,51.130.55.70,UK,False,UK,AS-VIRGIN,corp-workstation-7,password+mfa
2026-01-12T08:32:20,peer4,login_success,51.193.240.130,UK,False,UK,AS-VIRGIN,corp-workstation-7,webauthn
2026-01-12T08:34:06,peer4,mfa_challenge,51.4.2.36,UK,False,UK,AS-VIRGIN,corp-laptop-14,push_mfa
2026-01-12T08:46:01,peer5,login_success,91.167.31.62,DE,False,DE,AS-DE-TELEKOM,corp-laptop-11,push_mfa
2026-01-12T11:31:23,engineer.a,login_success,51.217.62.114,UK,False,UK,AS-ORCHID-CORP,corp-workstation-7,push_mfa
2026-01-12T11:33:21,engineer.a,mfa_challenge,51.119.55.225,UK,False,UK,AS-ORCHID-CORP,corp-workstation-7,push_mfa
2026-01-12T13:27:29,peer2,login_success,91.85.52.50,DE,False,DE,AS-HETZNER,corp-laptop-11,push_mfa
2026-01-12T15:13:33,peer4,login_success,91.52.159.12,DE,True,UK,AS-HETZNER,corp-laptop-22,webauthn
2026-01-12T16:43:28,peer2,login_success,51.196.130.199,UK,False,UK,AS-ORCHID-CORP,corp-laptop-22,webauthn
2026-01-12T16:45:00,peer2,mfa_challenge,51.173.151.201,UK,False,UK,AS-ORCHID-CORP,corp-laptop-22,push_mfa
2026-01-12T18:46:24,peer5,login_success,51.123.46.173,UK,False,UK,AS-ORCHID-CORP,corp-workstation-7,push_mfa
2026-01-12T19:17:25,peer1,login_success,51.139.232.60,UK,False,UK,AS-BT,corp-laptop-22,push_mfa
2026-01-12T19:40:53,peer5,login_success,51.38.252.182,UK,False,UK,AS-VIRGIN,corp-workstation-7,webauthn
2026-01-12T19:42:19,peer5,mfa_challenge,51.239.204.56,UK,False,UK,AS-VIRGIN,corp-laptop-11,password+mfa
2026-01-12T23:11:50,peer5,login_success,51.21.158.122,UK,True,UK,AS-VIRGIN,corp-laptop-11,webauthn
2026-01-13T00:11:14,peer3,login_success,51.91.186.233,UK,False,UK,AS-BT,corp-laptop-11,push_mfa
2026-01-13T02:44:35,peer2,login_success,51.35.252.52,UK,True,UK,AS-ORCHID-CORP,corp-laptop-14,webauthn
2026-01-13T02:44:49,peer2,mfa_challenge,51.91.0.43,UK,True,UK,AS-ORCHID-CORP,corp-laptop-22,push_mfa
2026-01-13T03:15:23,peer4,login_success,51.23.64.232,UK,False,UK,AS-ORCHID-CORP,corp-laptop-22,push_mfa
2026-01-13T03:16:07,peer4,mfa_challenge,51.58.50.91,UK,False,UK,AS-ORCHID-CORP,corp-laptop-11,password+mfa
2026-01-13T07:43:46,peer4,login_success,51.244.62.191,UK,False,UK,AS-VIRGIN,corp-workstation-7,webauthn
2026-01-13T07:44:13,peer4,mfa_challenge,51.27.94.239,UK,False,UK,AS-VIRGIN,corp-laptop-22,webauthn
2026-01-13T08:18:27,engineer.a,login_success,34.39.140.166,US,True,UK,AS-ATT,corp-laptop-22,push_mfa
2026-01-13T08:56:13,peer5,login_success,51.64.250.127,UK,True,UK,AS-BT,corp-laptop-14,push_mfa
2026-01-13T08:57:57,peer5,mfa_challenge,51.189.10.49,UK,True,UK,AS-BT,corp-laptop-11,webauthn
2026-01-13T09:26:55,peer1,login_success,51.57.183.242,UK,False,UK,AS-BT,corp-laptop-11,push_mfa
2026-01-13T10:01:46,peer2,login_success,51.106.128.245,UK,False,UK,AS-BT,corp-laptop-11,webauthn
2026-01-13T10:03:40,peer2,mfa_challenge,51.164.127.94,UK,False,UK,AS-BT,corp-laptop-14,push_mfa
2026-01-13T10:42:58,peer3,login_success,51.88.83.211,UK,False,UK,AS-BT,corp-laptop-14,push_mfa
2026-01-13T11:11:05,peer1,login_success,51.89.226.85,UK,True,UK,AS-ORCHID-CORP,corp-laptop-14,push_mfa
2026-01-13T11:12:05,peer1,mfa_challenge,51.42.227.139,UK,True,UK,AS-ORCHID-CORP,corp-laptop-22,webauthn
2026-01-13T11:50:20,peer5,login_success,51.233.66.98,UK,False,UK,AS-BT,corp-laptop-11,webauthn
2026-01-13T11:51:26,peer5,mfa_challenge,51.179.25.98,UK,False,UK,AS-BT,corp-laptop-14,webauthn
2026-01-13T12:42:29,engineer.a,login_success,51.58.30.95,UK,False,UK,AS-VIRGIN,corp-laptop-11,push_mfa
2026-01-13T12:43:52,engineer.a,mfa_challenge,51.164.219.34,UK,False,UK,AS-VIRGIN,corp-laptop-11,webauthn
2026-01-13T13:21:35,peer3,login_success,51.62.67.51,UK,False,UK,AS-BT,corp-laptop-22,push_mfa
2026-01-13T13:22:33,peer3,mfa_challenge,51.25.10.9,UK,False,UK,AS-BT,corp-workstation-7,webauthn
2026-01-13T13:43:19,engineer.a,login_success,91.211.177.68,DE,False,DE,AS-DE-TELEKOM,corp-workstation-7,webauthn
2026-01-13T13:44:39,engineer.a,mfa_challenge,91.149.84.184,DE,False,DE,AS-DE-TELEKOM,corp-laptop-14,webauthn
2026-01-13T22:42:42,peer5,login_success,51.139.145.8,UK,False,UK,AS-ORCHID-CORP,corp-laptop-11,push_mfa
2026-01-13T22:44:34,peer5,mfa_challenge,51.188.158.185,UK,False,UK,AS-ORCHID-CORP,corp-laptop-11,push_mfa
2026-01-13T23:24:08,peer3,login_success,51.201.21.215,UK,False,UK,AS-VIRGIN,corp-laptop-14,webauthn
2026-01-14T00:01:29,peer5,login_success,51.95.166.225,UK,False,UK,AS-ORCHID-CORP,corp-laptop-11,webauthn
2026-01-14T00:01:43,peer5,mfa_challenge,51.21.206.20,UK,False,UK,AS-ORCHID-CORP,corp-laptop-22,webauthn
2026-01-14T05:36:30,peer3,login_success,51.62.136.92,UK,False,UK,AS-ORCHID-CORP,corp-workstation-7,push_mfa
2026-01-14T05:38:04,peer3,mfa_challenge,51.249.28.122,UK,False,UK,AS-ORCHID-CORP,corp-laptop-22,push_mfa
2026-01-14T06:19:23,peer3,login_success,91.79.162.229,DE,False,DE,AS-DE-TELEKOM,corp-laptop-11,webauthn
2026-01-14T06:20:22,peer3,mfa_challenge,91.208.242.188,DE,False,DE,AS-DE-TELEKOM,corp-laptop-14,webauthn
2026-01-14T06:27:23,peer3,login_success,51.69.50.203,UK,False,UK,AS-ORCHID-CORP,corp-workstation-7,webauthn
2026-01-14T07:51:53,peer1,login_success,91.10.38.14,DE,False,DE,AS-DE-TELEKOM,corp-laptop-11,webauthn
2026-01-14T07:53:44,peer1,mfa_challenge,91.136.37.194,DE,False,DE,AS-DE-TELEKOM,corp-laptop-22,push_mfa
2026-01-14T08:31:26,peer3,login_success,51.184.5.165,UK,False,UK,AS-ORCHID-CORP,corp-laptop-11,webauthn
2026-01-14T08:33:16,peer3,mfa_challenge,51.6.37.48,UK,False,UK,AS-ORCHID-CORP,corp-laptop-14,push_mfa
2026-01-14T08:48:40,peer5,login_success,51.226.73.101,UK,False,UK,AS-BT,corp-workstation-7,push_mfa
2026-01-14T08:50:22,peer5,mfa_challenge,51.241.122.214,UK,False,UK,AS-BT,corp-laptop-11,password+mfa
2026-01-14T11:53:24,peer2,login_success,51.13.53.152,UK,False,UK,AS-BT,corp-laptop-14,push_mfa
2026-01-14T11:55:11,peer2,mfa_challenge,51.169.147.39,UK,False,UK,AS-BT,corp-workstation-7,webauthn
2026-01-14T13:33:34,peer3,login_success,51.81.29.198,UK,False,UK,AS-ORCHID-CORP,corp-laptop-22,push_mfa
2026-01-14T13:35:03,peer3,mfa_challenge,51.41.165.224,UK,False,UK,AS-ORCHID-CORP,corp-laptop-14,password+mfa
2026-01-14T15:08:54,peer1,login_success,34.88.4.2,US,False,US,AS-ORCHID-CORP-US,corp-laptop-14,webauthn
2026-01-14T15:09:43,peer1,mfa_challenge,34.194.123.157,US,False,US,AS-ORCHID-CORP-US,corp-laptop-22,password+mfa
2026-01-14T15:55:58,peer4,login_success,91.210.251.36,DE,True,UK,AS-HETZNER,corp-workstation-7,push_mfa
2026-01-14T17:07:51,peer5,login_success,51.190.185.186,UK,True,UK,AS-ORCHID-CORP,corp-workstation-7,push_mfa
2026-01-14T17:08:26,peer5,mfa_challenge,51.38.32.21,UK,True,UK,AS-ORCHID-CORP,corp-laptop-14,push_mfa
2026-01-14T18:49:35,engineer.a,login_success,51.33.63.136,UK,False,UK,AS-BT,corp-laptop-14,password+mfa
2026-01-14T18:49:37,peer5,login_success,34.174.81.95,US,False,US,AS-ATT,corp-laptop-11,webauthn
2026-01-14T18:51:24,peer5,mfa_challenge,34.79.1.219,US,False,US,AS-ATT,corp-workstation-7,push_mfa
2026-01-14T18:51:32,engineer.a,mfa_challenge,51.206.112.31,UK,False,UK,AS-BT,corp-laptop-11,push_mfa
2026-01-15T00:20:33,engineer.a,login_success,51.232.56.89,UK,False,UK,AS-ORCHID-CORP,corp-workstation-7,webauthn
2026-01-15T00:20:40,engineer.a,mfa_challenge,51.208.56.58,UK,False,UK,AS-ORCHID-CORP,corp-laptop-14,webauthn
2026-01-15T01:10:44,peer4,login_success,51.30.176.24,UK,True,UK,AS-ORCHID-CORP,corp-laptop-14,webauthn
2026-01-15T01:12:29,peer4,mfa_challenge,51.152.234.122,UK,True,UK,AS-ORCHID-CORP,corp-workstation-7,webauthn
2026-01-15T04:16:51,peer5,login_success,51.14.127.90,UK,False,UK,AS-ORCHID-CORP,corp-laptop-14,webauthn
2026-01-15T05:11:31,peer3,login_success,51.147.251.227,UK,False,UK,AS-ORCHID-CORP,corp-laptop-11,webauthn
2026-01-15T05:13:17,peer3,mfa_challenge,51.218.249.170,UK,False,UK,AS-ORCHID-CORP,corp-laptop-14,webauthn
2026-01-15T06:00:15,peer5,login_success,51.89.43.230,UK,False,UK,AS-VIRGIN,corp-laptop-11,push_mfa
2026-01-15T06:01:17,peer5,mfa_challenge,51.250.181.10,UK,False,UK,AS-VIRGIN,corp-workstation-7,push_mfa
2026-01-15T07:06:47,peer1,login_success,34.30.121.217,US,True,UK,AS-ATT,corp-workstation-7,push_mfa
2026-01-15T07:07:11,peer1,mfa_challenge,34.148.79.199,US,True,UK,AS-ATT,corp-workstation-7,push_mfa
2026-01-15T08:10:02,peer4,login_success,51.72.24.156,UK,False,UK,AS-ORCHID-CORP,corp-laptop-11,push_mfa
2026-01-15T08:10:36,peer4,mfa_challenge,51.143.247.224,UK,False,UK,AS-ORCHID-CORP,corp-workstation-7,push_mfa
2026-01-15T09:49:44,peer2,login_success,51.124.166.168,UK,True,UK,AS-VIRGIN,corp-laptop-14,push_mfa
2026-01-15T09:50:36,peer2,mfa_challenge,51.152.75.222,UK,True,UK,AS-VIRGIN,corp-laptop-11,push_mfa
2026-01-15T14:41:02,peer4,login_success,51.123.244.227,UK,False,UK,AS-VIRGIN,corp-laptop-22,push_mfa
2026-01-15T14:41:40,peer4,mfa_challenge,51.98.196.92,UK,False,UK,AS-VIRGIN,corp-laptop-14,push_mfa
2026-01-15T16:59:49,peer3,login_success,51.83.163.94,UK,False,UK,AS-BT,corp-laptop-14,webauthn
2026-01-15T21:05:35,peer5,login_success,51.247.179.2,UK,False,UK,AS-VIRGIN,corp-laptop-11,password+mfa
2026-01-15T21:57:05,engineer.a,login_success,91.41.173.92,DE,False,DE,AS-HETZNER,corp-laptop-11,webauthn
2026-01-15T21:57:14,engineer.a,mfa_challenge,91.83.202.77,DE,False,DE,AS-HETZNER,corp-laptop-22,push_mfa
2026-01-15T23:49:36,peer4,login_success,51.72.73.113,UK,False,UK,AS-ORCHID-CORP,corp-laptop-14,push_mfa
2026-01-15T23:51:19,peer4,mfa_challenge,51.57.191.144,UK,False,UK,AS-ORCHID-CORP,corp-laptop-22,push_mfa
2026-01-16T04:37:01,engineer.a,login_success,51.148.56.55,UK,True,UK,AS-ORCHID-CORP,corp-laptop-14,push_mfa
2026-01-16T04:37:58,engineer.a,mfa_challenge,51.231.28.97,UK,True,UK,AS-ORCHID-CORP,corp-laptop-22,webauthn
2026-01-16T05:07:48,peer4,login_success,51.125.30.114,UK,True,UK,AS-ORCHID-CORP,corp-laptop-22,push_mfa
2026-01-16T06:02:25,peer5,login_success,51.245.239.183,UK,False,UK,AS-VIRGIN,corp-laptop-14,push_mfa
2026-01-16T06:03:28,peer5,mfa_challenge,51.18.191.219,UK,False,UK,AS-VIRGIN,corp-workstation-7,password+mfa
2026-01-16T09:02:48,peer5,login_success,91.219.174.161,DE,False,DE,AS-DE-TELEKOM,corp-laptop-22,push_mfa
2026-01-16T09:03:29,peer5,mfa_challenge,91.230.15.128,DE,False,DE,AS-DE-TELEKOM,corp-laptop-22,webauthn
2026-01-16T10:34:23,peer3,login_success,51.106.21.128,UK,False,UK,AS-BT,corp-workstation-7,push_mfa
2026-01-16T10:36:09,peer3,mfa_challenge,51.190.130.54,UK,False,UK,AS-BT,corp-laptop-22,webauthn
2026-01-16T13:28:17,engineer.a,login_success,51.30.125.101,UK,True,UK,AS-VIRGIN,corp-laptop-22,password+mfa
2026-01-16T13:31:04,peer1,login_success,91.127.107.138,DE,False,DE,AS-DE-TELEKOM,corp-laptop-11,push_mfa
2026-01-16T13:31:48,peer1,mfa_challenge,91.148.137.46,DE,False,DE,AS-DE-TELEKOM,corp-workstation-7,push_mfa
2026-01-16T14:59:05,peer3,login_success,34.166.217.78,US,False,US,AS-ATT,corp-laptop-22,webauthn
2026-01-16T15:17:22,engineer.a,login_success,91.70.235.251,DE,False,DE,AS-HETZNER,corp-laptop-14,webauthn
2026-01-16T16:20:49,peer1,login_success,51.25.209.141,UK,False,UK,AS-ORCHID-CORP,corp-laptop-14,push_mfa
2026-01-16T16:21:08,peer1,mfa_challenge,51.254.117.126,UK,False,UK,AS-ORCHID-CORP,corp-laptop-14,push_mfa
2026-01-16T16:33:10,peer5,login_success,91.171.164.44,DE,True,UK,AS-HETZNER,corp-laptop-22,password+mfa
2026-01-16T16:33:29,peer5,mfa_challenge,91.83.206.1,DE,True,UK,AS-HETZNER,corp-workstation-7,push_mfa
2026-01-16T17:05:01,peer2,login_success,51.134.135.31,UK,True,UK,AS-ORCHID-CORP,corp-laptop-11,webauthn
2026-01-16T21:53:57,peer2,login_success,51.228.94.92,UK,False,UK,AS-VIRGIN,corp-laptop-22,webauthn
2026-01-17T01:02:32,peer3,login_success,51.17.197.156,UK,False,UK,AS-BT,corp-laptop-11,webauthn
2026-01-17T01:04:10,peer3,mfa_challenge,51.146.91.81,UK,False,UK,AS-BT,corp-laptop-14,push_mfa
2026-01-17T03:24:00,peer4,login_success,51.126.128.218,UK,False,UK,AS-VIRGIN,corp-laptop-11,push_mfa
2026-01-17T07:45:19,peer2,login_success,51.127.150.214,UK,False,UK,AS-BT,corp-laptop-14,webauthn
2026-01-17T12:25:54,peer1,login_success,51.194.81.74,UK,False,UK,AS-BT,corp-laptop-14,password+mfa
2026-01-17T14:18:28,engineer.a,login_success,51.193.24.187,UK,False,UK,AS-VIRGIN,corp-laptop-14,webauthn
2026-01-17T14:19:39,engineer.a,mfa_challenge,51.198.71.70,UK,False,UK,AS-VIRGIN,corp-laptop-22,webauthn
2026-01-17T15:14:14,peer1,login_success,51.248.156.145,UK,False,UK,AS-ORCHID-CORP,corp-laptop-11,push_mfa
2026-01-17T15:15:26,peer1,mfa_challenge,51.9.6.222,UK,False,UK,AS-ORCHID-CORP,corp-laptop-22,webauthn
2026-01-17T15:31:41,peer2,login_success,51.113.66.73,UK,False,UK,AS-BT,corp-workstation-7,webauthn
2026-01-17T16:07:33,peer1,login_success,91.60.251.235,DE,False,DE,AS-DE-TELEKOM,corp-laptop-11,push_mfa
2026-01-17T16:07:40,peer1,mfa_challenge,91.67.54.133,DE,False,DE,AS-DE-TELEKOM,corp-workstation-7,webauthn
2026-01-17T16:56:57,peer4,login_success,34.70.180.237,US,False,US,AS-ORCHID-CORP-US,corp-laptop-22,webauthn
2026-01-17T18:48:26,peer5,login_success,34.46.172.50,US,True,UK,AS-COMCAST,corp-workstation-7,push_mfa
2026-01-17T20:09:52,peer2,login_success,51.193.144.69,UK,False,UK,AS-VIRGIN,corp-workstation-7,webauthn
2026-01-17T20:10:48,peer2,mfa_challenge,51.210.237.252,UK,False,UK,AS-VIRGIN,corp-workstation-7,push_mfa
2026-01-17T20:29:50,peer5,login_success,51.88.253.208,UK,False,UK,AS-VIRGIN,corp-laptop-14,webauthn
2026-01-17T20:30:21,peer5,mfa_challenge,51.196.122.150,UK,False,UK,AS-VIRGIN,corp-workstation-7,push_mfa
2026-01-18T04:45:30,engineer.a,login_success,51.20.167.146,UK,False,UK,AS-VIRGIN,corp-workstation-7,push_mfa
2026-01-18T04:46:02,engineer.a,mfa_challenge,51.167.68.150,UK,False,UK,AS-VIRGIN,corp-laptop-14,webauthn
2026-01-18T05:41:10,peer1,login_success,51.197.2.33,UK,False,UK,AS-ORCHID-CORP,corp-workstation-7,webauthn
2026-01-18T05:41:15,peer1,mfa_challenge,51.250.60.92,UK,False,UK,AS-ORCHID-CORP,corp-workstation-7,password+mfa
2026-01-18T07:49:20,peer3,login_success,51.143.235.37,UK,True,UK,AS-VIRGIN,corp-laptop-22,webauthn
2026-01-18T08:05:36,engineer.a,login_success,51.108.111.250,UK,False,UK,AS-BT,corp-laptop-22,push_mfa
2026-01-18T08:06:27,engineer.a,mfa_challenge,51.77.29.40,UK,False,UK,AS-BT,corp-laptop-11,push_mfa
2026-01-18T13:25:44,peer2,login_success,51.78.174.76,UK,False,UK,AS-ORCHID-CORP,corp-laptop-22,push_mfa
2026-01-18T13:25:58,peer2,mfa_challenge,51.90.223.252,UK,False,UK,AS-ORCHID-CORP,corp-workstation-7,push_mfa
2026-01-18T16:03:19,peer4,login_success,51.152.25.66,UK,False,UK,AS-BT,corp-laptop-14,push_mfa
2026-01-18T16:04:08,peer4,mfa_challenge,51.4.15.13,UK,False,UK,AS-BT,corp-laptop-14,push_mfa
2026-01-18T16:33:16,engineer.a,login_success,51.152.220.68,UK,True,UK,AS-BT,corp-laptop-11,push_mfa
2026-01-18T16:33:40,engineer.a,mfa_challenge,51.160.132.72,UK,True,UK,AS-BT,corp-workstation-7,push_mfa
2026-01-18T19:18:53,peer5,login_success,51.37.75.212,UK,False,UK,AS-ORCHID-CORP,corp-workstation-7,webauthn
2026-01-18T20:03:01,peer3,login_success,51.215.144.177,UK,False,UK,AS-BT,corp-laptop-22,webauthn
2026-01-18T22:07:06,peer2,login_success,51.0.49.215,UK,False,UK,AS-VIRGIN,corp-workstation-7,push_mfa
2026-01-18T22:08:16,peer2,mfa_challenge,51.95.143.48,UK,False,UK,AS-VIRGIN,corp-laptop-14,password+mfa
2026-01-18T23:01:34,peer5,login_success,91.45.109.254,DE,True,UK,AS-HETZNER,corp-laptop-11,push_mfa
2026-01-18T23:02:07,peer5,mfa_challenge,91.77.188.29,DE,True,UK,AS-HETZNER,corp-laptop-14,webauthn
2026-01-18T23:31:55,peer5,login_success,51.64.66.105,UK,False,UK,AS-ORCHID-CORP,corp-laptop-14,webauthn
2026-01-18T23:32:37,peer5,mfa_challenge,51.199.72.53,UK,False,UK,AS-ORCHID-CORP,corp-laptop-22,webauthn
2026-01-19T02:21:50,peer5,login_success,51.203.66.123,UK,True,UK,AS-BT,corp-workstation-7,push_mfa
2026-01-19T02:56:00,engineer.a,login_success,103.109.115.65,SG,True,UK,AS-OVH-SG,corp-laptop-11,push_mfa
2026-01-19T03:14:22,peer5,login_success,91.215.215.135,DE,False,DE,AS-HETZNER,corp-workstation-7,password+mfa
2026-01-19T05:25:20,peer1,login_success,51.229.195.55,UK,False,UK,AS-VIRGIN,corp-workstation-7,push_mfa
2026-01-19T08:54:55,peer2,login_success,51.162.157.69,UK,False,UK,AS-ORCHID-CORP,corp-laptop-11,password+mfa
2026-01-19T08:55:57,peer2,mfa_challenge,51.191.95.118,UK,False,UK,AS-ORCHID-CORP,corp-workstation-7,webauthn
2026-01-19T09:04:25,peer1,login_success,51.96.230.54,UK,True,UK,AS-BT,corp-laptop-11,push_mfa
2026-01-19T09:43:37,peer1,login_success,51.222.150.175,UK,True,UK,AS-ORCHID-CORP,corp-workstation-7,webauthn
2026-01-19T10:42:09,engineer.a,login_success,91.142.153.68,DE,False,DE,AS-DE-TELEKOM,corp-workstation-7,password+mfa
2026-01-19T10:43:43,engineer.a,mfa_challenge,91.153.228.45,DE,False,DE,AS-DE-TELEKOM,corp-laptop-14,webauthn
2026-01-19T11:04:54,engineer.a,login_success,103.235.83.232,SG,True,UK,AS-OVH-SG,corp-laptop-14,push_mfa
2026-01-19T11:06:38,engineer.a,mfa_challenge,103.132.166.32,SG,True,UK,AS-OVH-SG,corp-laptop-14,webauthn
2026-01-19T18:02:13,peer4,login_success,91.252.62.162,DE,False,DE,AS-HETZNER,corp-laptop-14,push_mfa
2026-01-19T18:03:20,peer4,mfa_challenge,91.22.250.9,DE,False,DE,AS-HETZNER,corp-laptop-11,webauthn
2026-01-19T18:06:58,peer3,login_success,34.26.144.55,US,False,US,AS-ORCHID-CORP-US,corp-laptop-14,password+mfa
2026-01-19T18:07:44,peer3,mfa_challenge,34.224.104.243,US,False,US,AS-ORCHID-CORP-US,corp-laptop-22,webauthn
2026-01-19T20:50:05,peer2,login_success,51.126.200.190,UK,False,UK,AS-ORCHID-CORP,corp-workstation-7,webauthn
2026-01-19T20:51:32,peer2,mfa_challenge,51.212.138.173,UK,False,UK,AS-ORCHID-CORP,corp-laptop-11,password+mfa
2026-01-19T23:33:17,engineer.a,login_success,91.217.182.21,DE,True,UK,AS-DE-TELEKOM,corp-laptop-22,webauthn
2026-01-19T23:34:27,engineer.a,mfa_challenge,91.249.217.62,DE,True,UK,AS-DE-TELEKOM,corp-laptop-22,push_mfa
2026-01-20T01:32:16,peer2,login_success,51.238.16.205,UK,False,UK,AS-VIRGIN,corp-workstation-7,webauthn
2026-01-20T01:32:35,peer2,mfa_challenge,51.148.228.80,UK,False,UK,AS-VIRGIN,corp-laptop-11,push_mfa
2026-01-20T05:31:05,engineer.a,login_success,51.98.146.160,UK,False,UK,AS-VIRGIN,corp-workstation-7,push_mfa
2026-01-20T07:13:05,engineer.a,login_success,34.35.166.3,US,False,US,AS-ATT,corp-laptop-14,push_mfa
2026-01-20T07:14:55,engineer.a,mfa_challenge,34.193.57.69,US,False,US,AS-ATT,corp-laptop-11,push_mfa
2026-01-20T09:28:43,peer3,login_success,34.198.207.238,US,False,US,AS-COMCAST,corp-laptop-14,push_mfa
2026-01-20T09:29:30,peer3,mfa_challenge,34.142.130.102,US,False,US,AS-COMCAST,corp-laptop-22,webauthn
2026-01-20T12:53:54,peer5,login_success,51.62.141.181,UK,False,UK,AS-ORCHID-CORP,corp-laptop-11,push_mfa
2026-01-20T12:54:28,peer5,mfa_challenge,51.226.86.97,UK,False,UK,AS-ORCHID-CORP,corp-workstation-7,password+mfa
2026-01-20T17:51:43,peer5,login_success,91.155.253.248,DE,True,UK,AS-DE-TELEKOM,corp-laptop-14,webauthn
2026-01-20T17:52:21,peer5,mfa_challenge,91.104.184.189,DE,True,UK,AS-DE-TELEKOM,corp-workstation-7,push_mfa
2026-01-20T20:41:15,peer4,login_success,51.63.231.1,UK,False,UK,AS-ORCHID-CORP,corp-workstation-7,webauthn
2026-01-20T21:29:51,peer1,login_success,34.52.233.209,US,True,UK,AS-ORCHID-CORP-US,corp-workstation-7,webauthn
2026-01-20T22:30:14,peer5,login_success,51.152.247.10,UK,False,UK,AS-VIRGIN,corp-laptop-14,password+mfa
2026-01-20T22:39:33,peer4,login_success,51.0.248.153,UK,False,UK,AS-VIRGIN,corp-laptop-22,push_mfa
2026-01-21T01:55:15,peer2,login_success,51.95.218.0,UK,False,UK,AS-ORCHID-CORP,corp-laptop-22,password+mfa
2026-01-21T02:57:32,peer1,login_success,51.183.59.191,UK,False,UK,AS-ORCHID-CORP,corp-laptop-11,webauthn
2026-01-21T02:58:36,peer1,mfa_challenge,51.98.3.117,UK,False,UK,AS-ORCHID-CORP,corp-laptop-22,push_mfa
2026-01-21T03:47:56,peer4,login_success,51.204.247.21,UK,False,UK,AS-VIRGIN,corp-workstation-7,webauthn
2026-01-21T03:48:39,peer4,mfa_challenge,51.52.249.197,UK,False,UK,AS-VIRGIN,corp-workstation-7,webauthn
2026-01-21T08:25:04,peer2,login_success,51.157.160.134,UK,False,UK,AS-ORCHID-CORP,corp-laptop-22,webauthn
2026-01-21T09:41:42,peer5,login_success,51.5.1.111,UK,True,UK,AS-ORCHID-CORP,corp-laptop-22,webauthn
2026-01-21T10:05:52,peer1,login_success,34.211.8.101,US,False,US,AS-ATT,corp-laptop-14,push_mfa
2026-01-21T10:07:15,peer1,mfa_challenge,34.156.21.129,US,False,US,AS-ATT,corp-laptop-14,push_mfa
2026-01-21T10:12:45,peer2,login_success,51.231.126.120,UK,False,UK,AS-BT,corp-laptop-22,webauthn
2026-01-21T10:13:48,peer2,mfa_challenge,51.184.68.111,UK,False,UK,AS-BT,corp-laptop-11,push_mfa
2026-01-21T11:44:14,engineer.a,login_success,51.227.224.233,UK,False,UK,AS-ORCHID-CORP,corp-workstation-7,push_mfa
2026-01-21T12:49:50,engineer.a,login_success,91.62.17.59,DE,False,DE,AS-HETZNER,corp-laptop-14,push_mfa
2026-01-21T12:51:15,engineer.a,mfa_challenge,91.216.36.181,DE,False,DE,AS-HETZNER,corp-workstation-7,push_mfa
2026-01-21T13:28:41,peer1,login_success,51.231.215.65,UK,False,UK,AS-VIRGIN,corp-laptop-11,webauthn
2026-01-21T13:29:54,peer1,mfa_challenge,51.97.29.222,UK,False,UK,AS-VIRGIN,corp-workstation-7,push_mfa
2026-01-21T16:03:10,peer4,login_success,51.45.230.152,UK,False,UK,AS-VIRGIN,corp-laptop-14,push_mfa
2026-01-21T16:04:54,peer4,mfa_challenge,51.47.37.233,UK,False,UK,AS-VIRGIN,corp-laptop-14,push_mfa
2026-01-21T19:34:08,peer1,login_success,51.178.161.219,UK,False,UK,AS-BT,corp-laptop-22,webauthn
2026-01-21T19:35:42,peer1,mfa_challenge,51.120.246.128,UK,False,UK,AS-BT,corp-workstation-7,webauthn
2026-01-21T20:17:39,peer1,login_success,51.238.237.249,UK,False,UK,AS-VIRGIN,corp-workstation-7,push_mfa
2026-01-21T20:18:47,peer1,mfa_challenge,51.46.83.7,UK,False,UK,AS-VIRGIN,corp-workstation-7,webauthn
2026-01-21T21:21:34,peer3,login_success,34.79.232.81,US,True,UK,AS-ORCHID-CORP-US,corp-laptop-14,webauthn
2026-01-22T02:07:21,peer2,login_success,91.233.63.207,DE,False,DE,AS-DE-TELEKOM,corp-laptop-22,push_mfa
2026-01-22T02:07:56,peer2,mfa_challenge,91.114.62.216,DE,False,DE,AS-DE-TELEKOM,corp-laptop-11,push_mfa
2026-01-22T02:56:50,peer4,login_success,51.141.5.17,UK,False,UK,AS-BT,corp-laptop-11,webauthn
2026-01-22T05:08:05,peer5,login_success,91.191.214.7,DE,False,DE,AS-DE-TELEKOM,corp-laptop-14,push_mfa
2026-01-22T08:47:04,engineer.a,login_success,51.93.88.127,UK,True,UK,AS-BT,corp-laptop-22,password+mfa
2026-01-22T11:18:10,peer4,login_success,51.41.130.212,UK,True,UK,AS-VIRGIN,corp-laptop-22,password+mfa
2026-01-22T11:18:35,peer4,mfa_challenge,51.68.95.209,UK,True,UK,AS-VIRGIN,corp-laptop-22,webauthn
2026-01-22T11:43:20,peer5,login_success,51.123.30.73,UK,False,UK,AS-ORCHID-CORP,corp-laptop-11,webauthn
2026-01-22T11:44:41,peer5,mfa_challenge,51.251.41.74,UK,False,UK,AS-ORCHID-CORP,corp-laptop-11,push_mfa
2026-01-22T16:15:52,engineer.a,login_success,51.149.110.109,UK,True,UK,AS-ORCHID-CORP,corp-laptop-11,password+mfa
2026-01-22T16:17:45,engineer.a,mfa_challenge,51.230.99.13,UK,True,UK,AS-ORCHID-CORP,corp-laptop-14,push_mfa
2026-01-22T16:34:25,peer4,login_success,51.158.120.174,UK,False,UK,AS-VIRGIN,corp-workstation-7,password+mfa
2026-01-22T16:35:19,peer4,mfa_challenge,51.20.136.125,UK,False,UK,AS-VIRGIN,corp-workstation-7,push_mfa
2026-01-22T17:52:34,peer1,login_success,51.123.187.31,UK,False,UK,AS-ORCHID-CORP,corp-laptop-22,push_mfa
2026-01-22T18:50:42,peer5,login_success,34.203.240.104,US,False,US,AS-COMCAST,corp-laptop-14,webauthn
2026-01-22T18:51:44,peer5,mfa_challenge,34.174.154.146,US,False,US,AS-COMCAST,corp-workstation-7,webauthn
2026-01-22T21:23:15,engineer.a,login_success,91.116.217.171,DE,False,DE,AS-DE-TELEKOM,corp-laptop-22,webauthn
2026-01-22T22:34:08,peer3,login_success,51.21.207.65,UK,False,UK,AS-BT,corp-laptop-11,password+mfa
2026-01-23T00:10:46,peer2,login_success,34.82.2.141,US,False,US,AS-COMCAST,corp-laptop-11,push_mfa
2026-01-23T00:24:13,peer2,login_success,51.54.230.183,UK,False,UK,AS-BT,corp-workstation-7,webauthn
2026-01-23T00:24:42,peer2,mfa_challenge,51.252.140.189,UK,False,UK,AS-BT,corp-laptop-11,push_mfa
2026-01-23T01:47:10,peer1,login_success,51.39.93.220,UK,True,UK,AS-BT,corp-workstation-7,password+mfa
2026-01-23T01:58:08,engineer.a,login_success,51.185.116.184,UK,False,UK,AS-VIRGIN,corp-laptop-14,push_mfa
2026-01-23T01:59:30,engineer.a,mfa_challenge,51.239.45.195,UK,False,UK,AS-VIRGIN,corp-laptop-22,push_mfa
2026-01-23T03:00:12,peer2,login_success,51.127.196.44,UK,True,UK,AS-VIRGIN,corp-laptop-11,webauthn
2026-01-23T04:48:23,peer4,login_success,51.132.71.132,UK,False,UK,AS-ORCHID-CORP,corp-laptop-11,push_mfa
2026-01-23T07:15:51,peer3,login_success,51.205.179.136,UK,True,UK,AS-ORCHID-CORP,corp-laptop-14,webauthn
2026-01-23T07:31:36,peer5,login_success,91.41.151.196,DE,True,UK,AS-HETZNER,corp-laptop-11,webauthn
2026-01-23T08:13:40,engineer.a,login_success,51.248.201.205,UK,False,UK,AS-ORCHID-CORP,corp-laptop-22,webauthn
2026-01-23T12:19:04,peer1,login_success,51.234.196.187,UK,True,UK,AS-BT,corp-laptop-14,push_mfa
2026-01-23T12:19:18,peer1,mfa_challenge,51.134.30.48,UK,True,UK,AS-BT,corp-laptop-22,push_mfa
2026-01-24T00:14:03,peer5,login_success,34.7.216.104,US,False,US,AS-ORCHID-CORP-US,corp-workstation-7,push_mfa
2026-01-24T01:52:32,peer1,login_success,91.248.57.123,DE,False,DE,AS-HETZNER,corp-laptop-22,push_mfa
2026-01-24T01:58:59,engineer.a,login_success,51.182.202.173,UK,False,UK,AS-ORCHID-CORP,corp-laptop-14,password+mfa
2026-01-24T02:04:36,peer5,login_success,51.71.5.180,UK,False,UK,AS-ORCHID-CORP,corp-laptop-14,push_mfa
2026-01-24T05:02:18,engineer.a,login_success,91.217.165.193,DE,False,DE,AS-HETZNER,corp-laptop-11,webauthn
2026-01-24T05:03:10,engineer.a,mfa_challenge,91.142.242.61,DE,False,DE,AS-HETZNER,corp-laptop-22,push_mfa
2026-01-24T09:17:03,peer5,login_success,51.57.3.72,UK,False,UK,AS-VIRGIN,corp-laptop-11,webauthn
2026-01-24T09:17:41,peer5,mfa_challenge,51.10.167.117,UK,False,UK,AS-VIRGIN,corp-workstation-7,webauthn
2026-01-24T11:37:36,peer3,login_success,91.40.35.92,DE,False,DE,AS-HETZNER,corp-laptop-22,push_mfa
2026-01-24T14:01:04,peer4,login_success,91.116.32.153,DE,True,UK,AS-HETZNER,corp-laptop-11,push_mfa
2026-01-24T14:01:56,peer4,mfa_challenge,91.53.190.46,DE,True,UK,AS-HETZNER,corp-laptop-14,webauthn
2026-01-24T15:10:26,peer2,login_success,51.209.198.130,UK,False,UK,AS-VIRGIN,corp-laptop-14,push_mfa
2026-01-24T15:10:40,peer2,mfa_challenge,51.240.105.189,UK,False,UK,AS-VIRGIN,corp-workstation-7,push_mfa
2026-01-24T15:19:47,peer3,login_success,51.236.220.205,UK,False,UK,AS-BT,corp-laptop-22,webauthn
2026-01-24T16:07:19,engineer.a,login_success,51.211.90.229,UK,False,UK,AS-ORCHID-CORP,corp-workstation-7,webauthn
2026-01-24T16:08:52,engineer.a,mfa_challenge,51.169.243.167,UK,False,UK,AS-ORCHID-CORP,corp-workstation-7,webauthn
2026-01-24T21:32:57,peer5,login_success,34.20.234.248,US,True,UK,AS-ORCHID-CORP-US,corp-laptop-11,push_mfa
2026-01-25T01:15:08,peer2,login_success,51.147.166.102,UK,False,UK,AS-BT,corp-laptop-14,webauthn
2026-01-25T02:03:08,peer5,login_success,51.118.207.48,UK,True,UK,AS-ORCHID-CORP,corp-laptop-22,webauthn
2026-01-25T02:03:31,peer5,mfa_challenge,51.93.204.9,UK,True,UK,AS-ORCHID-CORP,corp-laptop-22,webauthn
2026-01-25T08:27:26,peer3,login_success,51.136.122.160,UK,True,UK,AS-ORCHID-CORP,corp-laptop-22,push_mfa
2026-01-25T08:28:02,peer3,mfa_challenge,51.100.87.76,UK,True,UK,AS-ORCHID-CORP,corp-laptop-11,password+mfa
2026-01-25T08:30:43,peer2,login_success,51.44.122.79,UK,True,UK,AS-BT,corp-laptop-14,push_mfa
2026-01-25T08:32:37,peer2,mfa_challenge,51.120.39.117,UK,True,UK,AS-BT,corp-laptop-11,push_mfa
2026-01-25T17:22:13,engineer.a,login_success,51.88.236.101,UK,True,UK,AS-ORCHID-CORP,corp-laptop-14,password+mfa
2026-01-25T17:23:53,engineer.a,mfa_challenge,51.50.11.39,UK,True,UK,AS-ORCHID-CORP,corp-laptop-22,push_mfa
2026-01-25T20:02:09,peer1,login_success,51.94.203.123,UK,False,UK,AS-ORCHID-CORP,corp-workstation-7,push_mfa
2026-01-25T20:03:22,peer1,mfa_challenge,51.72.154.63,UK,False,UK,AS-ORCHID-CORP,corp-workstation-7,push_mfa
2026-01-25T20:07:52,peer4,login_success,51.91.122.170,UK,False,UK,AS-VIRGIN,corp-laptop-11,webauthn
2026-01-25T20:08:25,peer4,mfa_challenge,51.172.154.245,UK,False,UK,AS-VIRGIN,corp-workstation-7,push_mfa
2026-01-25T20:43:48,peer5,login_success,34.203.158.23,US,False,US,AS-ATT,corp-laptop-11,push_mfa
2026-01-25T20:43:56,peer5,mfa_challenge,34.198.167.3,US,False,US,AS-ATT,corp-laptop-14,webauthn
2026-01-25T22:36:02,peer1,login_success,51.7.13.154,UK,True,UK,AS-BT,corp-workstation-7,push_mfa
2026-01-25T22:37:49,peer1,mfa_challenge,51.139.18.228,UK,True,UK,AS-BT,corp-workstation-7,push_mfa
2026-01-25T22:55:04,peer4,login_success,34.2.248.227,US,True,UK,AS-ATT,corp-laptop-11,push_mfa
2026-01-25T22:56:31,peer4,mfa_challenge,34.100.87.121,US,True,UK,AS-ATT,corp-laptop-11,push_mfa
2026-01-26T02:12:57,peer5,login_success,51.112.9.211,UK,False,UK,AS-VIRGIN,corp-workstation-7,webauthn
2026-01-26T02:16:49,peer3,login_success,51.122.65.95,UK,False,UK,AS-VIRGIN,corp-laptop-11,password+mfa
2026-01-26T02:17:13,peer3,mfa_challenge,51.21.108.202,UK,False,UK,AS-VIRGIN,corp-laptop-22,push_mfa
2026-01-26T02:27:46,peer5,login_success,34.45.120.126,US,True,UK,AS-COMCAST,corp-laptop-11,webauthn
2026-01-26T02:29:01,peer4,login_success,51.199.81.136,UK,True,UK,AS-ORCHID-CORP,corp-laptop-11,push_mfa
2026-01-26T02:29:02,peer5,mfa_challenge,34.110.141.242,US,True,UK,AS-COMCAST,corp-laptop-22,webauthn
2026-01-26T02:34:11,peer1,login_success,34.247.4.94,US,False,US,AS-ORCHID-CORP-US,corp-laptop-22,push_mfa
2026-01-26T03:05:50,peer3,login_success,51.211.204.112,UK,True,UK,AS-VIRGIN,corp-laptop-14,push_mfa
2026-01-26T06:07:22,peer5,login_success,51.219.202.92,UK,False,UK,AS-ORCHID-CORP,corp-laptop-14,push_mfa
2026-01-26T06:07:29,peer5,mfa_challenge,51.224.189.207,UK,False,UK,AS-ORCHID-CORP,corp-laptop-22,push_mfa
2026-01-26T07:38:04,peer3,login_success,51.231.31.35,UK,False,UK,AS-ORCHID-CORP,corp-laptop-11,password+mfa
2026-01-26T07:39:53,peer3,mfa_challenge,51.224.89.87,UK,False,UK,AS-ORCHID-CORP,corp-laptop-14,password+mfa
2026-01-26T08:52:37,peer1,login_success,91.62.109.84,DE,False,DE,AS-HETZNER,corp-laptop-22,push_mfa
2026-01-26T09:32:55,peer1,login_success,51.127.16.72,UK,False,UK,AS-BT,corp-laptop-22,webauthn
2026-01-26T11:28:46,peer2,login_success,91.137.18.187,DE,False,DE,AS-HETZNER,corp-laptop-14,webauthn
2026-01-26T11:29:12,peer2,mfa_challenge,91.98.246.142,DE,False,DE,AS-HETZNER,corp-laptop-11,webauthn
2026-01-26T12:56:30,engineer.a,login_success,103.152.132.45,SG,True,UK,AS-OVH-SG,corp-workstation-7,push_mfa
2026-01-26T12:57:54,engineer.a,mfa_challenge,103.187.121.88,SG,True,UK,AS-OVH-SG,corp-laptop-11,webauthn
2026-01-26T16:59:54,peer1,login_success,91.70.124.160,DE,False,DE,AS-HETZNER,corp-laptop-22,webauthn
2026-01-26T17:01:46,peer1,mfa_challenge,91.53.193.75,DE,False,DE,AS-HETZNER,corp-laptop-11,webauthn
2026-01-26T18:40:05,peer2,login_success,51.36.5.118,UK,False,UK,AS-VIRGIN,corp-laptop-14,push_mfa
2026-01-26T18:40:43,peer2,mfa_challenge,51.121.26.50,UK,False,UK,AS-VIRGIN,corp-laptop-22,push_mfa
2026-01-26T19:15:39,peer3,login_success,51.20.209.61,UK,False,UK,AS-VIRGIN,corp-workstation-7,password+mfa
2026-01-26T19:16:13,peer3,mfa_challenge,51.112.95.43,UK,False,UK,AS-VIRGIN,corp-workstation-7,password+mfa
2026-01-26T20:53:40,engineer.a,login_success,133.71.7.177,JP,False,JP,AS-NTT,corp-laptop-22,password+mfa
2026-01-26T20:54:44,engineer.a,mfa_challenge,133.79.65.161,JP,False,JP,AS-NTT,corp-workstation-7,webauthn
2026-01-26T21:41:13,peer4,login_success,91.244.128.159,DE,False,DE,AS-DE-TELEKOM,corp-laptop-22,push_mfa
2026-01-26T21:41:34,peer4,mfa_challenge,91.152.92.219,DE,False,DE,AS-DE-TELEKOM,corp-laptop-14,webauthn
2026-01-27T00:14:21,peer4,login_success,51.58.48.159,UK,False,UK,AS-VIRGIN,corp-laptop-11,webauthn
2026-01-27T00:15:49,peer4,mfa_challenge,51.89.99.233,UK,False,UK,AS-VIRGIN,corp-workstation-7,webauthn
2026-01-27T00:59:09,peer3,login_success,91.177.245.104,DE,False,DE,AS-HETZNER,corp-laptop-22,webauthn
2026-01-27T03:33:45,peer5,login_success,51.45.149.4,UK,False,UK,AS-ORCHID-CORP,corp-laptop-11,push_mfa
2026-01-27T03:54:29,peer3,login_success,91.200.163.172,DE,False,DE,AS-HETZNER,corp-laptop-11,push_mfa
2026-01-27T03:56:12,peer3,mfa_challenge,91.120.118.83,DE,False,DE,AS-HETZNER,corp-laptop-22,webauthn
2026-01-27T06:55:07,peer3,login_success,34.220.208.142,US,True,UK,AS-ORCHID-CORP-US,corp-laptop-14,push_mfa
2026-01-27T06:55:51,peer3,mfa_challenge,34.149.75.25,US,True,UK,AS-ORCHID-CORP-US,corp-laptop-14,push_mfa
2026-01-27T08:19:12,peer5,login_success,51.123.188.243,UK,False,UK,AS-ORCHID-CORP,corp-laptop-22,push_mfa
2026-01-27T08:19:56,peer5,mfa_challenge,51.20.80.221,UK,False,UK,AS-ORCHID-CORP,corp-workstation-7,push_mfa
2026-01-27T09:08:24,engineer.a,login_success,103.252.31.14,SG,True,UK,AS-SINGTEL,corp-workstation-7,push_mfa
2026-01-27T09:09:34,engineer.a,mfa_challenge,103.129.70.11,SG,True,UK,AS-SINGTEL,corp-laptop-22,push_mfa
2026-01-27T09:14:02,engineer.a,login_success,133.188.111.9,JP,True,UK,AS-NTT,corp-laptop-14,push_mfa
2026-01-27T09:15:10,engineer.a,mfa_challenge,133.210.13.9,JP,True,UK,AS-NTT,corp-laptop-11,webauthn
2026-01-27T15:36:22,peer2,login_success,51.69.109.44,UK,False,UK,AS-VIRGIN,corp-workstation-7,push_mfa
2026-01-27T15:37:51,peer2,mfa_challenge,51.61.80.202,UK,False,UK,AS-VIRGIN,corp-laptop-14,webauthn
2026-01-27T16:46:58,peer4,login_success,91.138.14.36,DE,False,DE,AS-DE-TELEKOM,corp-laptop-11,password+mfa
2026-01-27T16:48:23,peer4,mfa_challenge,91.115.196.206,DE,False,DE,AS-DE-TELEKOM,corp-laptop-22,push_mfa
2026-01-27T17:21:30,peer1,login_success,51.94.70.185,UK,False,UK,AS-ORCHID-CORP,corp-laptop-14,webauthn
2026-01-27T17:23:20,peer1,mfa_challenge,51.36.17.102,UK,False,UK,AS-ORCHID-CORP,corp-laptop-11,push_mfa
2026-01-27T17:39:52,engineer.a,login_success,51.227.22.231,UK,False,UK,AS-BT,corp-workstation-7,push_mfa
2026-01-27T17:41:43,engineer.a,mfa_challenge,51.62.27.53,UK,False,UK,AS-BT,corp-laptop-11,push_mfa
2026-01-27T17:58:04,engineer.a,login_success,103.64.54.119,SG,True,UK,AS-OVH-SG,corp-laptop-14,webauthn
2026-01-27T17:58:49,engineer.a,mfa_challenge,103.253.82.238,SG,True,UK,AS-OVH-SG,corp-laptop-22,webauthn
2026-01-27T23:22:50,peer5,login_success,51.21.200.197,UK,False,UK,AS-BT,corp-laptop-11,webauthn
2026-01-27T23:24:35,peer5,mfa_challenge,51.250.215.122,UK,False,UK,AS-BT,corp-laptop-22,webauthn
2026-01-28T00:01:47,peer5,login_success,51.219.65.89,UK,False,UK,AS-VIRGIN,corp-workstation-7,webauthn
2026-01-28T00:02:19,peer5,mfa_challenge,51.79.135.141,UK,False,UK,AS-VIRGIN,corp-laptop-14,push_mfa
2026-01-28T03:57:54,engineer.a,login_success,51.185.78.165,UK,True,UK,AS-VIRGIN,corp-laptop-22,push_mfa
2026-01-28T05:07:59,peer2,login_success,91.90.28.209,DE,False,DE,AS-DE-TELEKOM,corp-laptop-14,password+mfa
2026-01-28T05:08:57,peer2,mfa_challenge,91.174.134.56,DE,False,DE,AS-DE-TELEKOM,corp-laptop-14,password+mfa
2026-01-28T07:12:38,peer2,login_success,51.50.247.252,UK,True,UK,AS-BT,corp-laptop-14,push_mfa
2026-01-28T07:13:13,peer2,mfa_challenge,51.39.86.122,UK,True,UK,AS-BT,corp-laptop-11,push_mfa
2026-01-28T08:23:25,peer1,login_success,51.109.217.121,UK,True,UK,AS-BT,corp-laptop-14,push_mfa
2026-01-28T09:20:00,peer1,login_success,51.244.169.93,UK,False,UK,AS-VIRGIN,corp-laptop-14,webauthn
2026-01-28T11:36:19,peer2,login_success,91.14.117.205,DE,False,DE,AS-DE-TELEKOM,corp-laptop-11,password+mfa
2026-01-28T11:36:56,peer2,mfa_challenge,91.149.123.230,DE,False,DE,AS-DE-TELEKOM,corp-laptop-11,webauthn
2026-01-28T11:49:12,peer5,login_success,34.33.25.239,US,False,US,AS-ORCHID-CORP-US,corp-laptop-22,push_mfa
2026-01-28T11:50:50,peer5,mfa_challenge,34.73.165.122,US,False,US,AS-ORCHID-CORP-US,corp-laptop-22,webauthn
2026-01-28T13:04:07,peer2,login_success,34.200.83.78,US,False,US,AS-ATT,corp-laptop-22,push_mfa
2026-01-28T13:04:47,peer2,mfa_challenge,34.232.52.162,US,False,US,AS-ATT,corp-laptop-14,push_mfa
2026-01-28T14:07:21,peer2,login_success,34.211.228.72,US,False,US,AS-COMCAST,corp-laptop-11,push_mfa
2026-01-28T16:00:54,peer3,login_success,34.126.125.77,US,True,UK,AS-COMCAST,corp-laptop-22,webauthn
2026-01-28T16:01:17,peer3,mfa_challenge,34.104.29.29,US,True,UK,AS-COMCAST,corp-workstation-7,push_mfa
2026-01-28T19:05:03,peer1,login_success,34.10.172.203,US,False,US,AS-ORCHID-CORP-US,corp-laptop-22,push_mfa
2026-01-28T19:05:10,peer1,mfa_challenge,34.198.204.72,US,False,US,AS-ORCHID-CORP-US,corp-laptop-11,webauthn
2026-01-28T21:02:58,peer4,login_success,51.60.84.50,UK,False,UK,AS-VIRGIN,corp-laptop-14,webauthn
2026-01-29T00:35:02,peer3,login_success,51.11.149.180,UK,False,UK,AS-ORCHID-CORP,corp-laptop-11,push_mfa
2026-01-29T03:34:13,peer1,login_success,91.21.249.119,DE,False,DE,AS-DE-TELEKOM,corp-laptop-11,webauthn
2026-01-29T05:42:32,peer3,login_success,51.77.51.6,UK,True,UK,AS-VIRGIN,corp-laptop-14,push_mfa
2026-01-29T11:47:43,peer2,login_success,51.54.61.47,UK,True,UK,AS-ORCHID-CORP,corp-laptop-11,webauthn
2026-01-29T12:31:27,engineer.a,login_success,91.154.161.176,DE,True,UK,AS-DE-TELEKOM,corp-laptop-14,webauthn
2026-01-29T12:32:38,engineer.a,mfa_challenge,91.252.91.31,DE,True,UK,AS-DE-TELEKOM,corp-laptop-11,push_mfa
2026-01-29T15:09:47,peer1,login_success,51.23.229.201,UK,False,UK,AS-ORCHID-CORP,corp-laptop-14,webauthn
2026-01-29T15:11:37,peer1,mfa_challenge,51.5.67.153,UK,False,UK,AS-ORCHID-CORP,corp-laptop-11,webauthn
2026-01-29T16:34:26,peer1,login_success,51.227.72.52,UK,True,UK,AS-VIRGIN,corp-laptop-11,push_mfa
2026-01-29T17:17:17,peer4,login_success,51.31.231.201,UK,True,UK,AS-VIRGIN,corp-laptop-14,webauthn
2026-01-29T18:23:30,engineer.a,login_success,34.158.186.231,US,False,US,AS-COMCAST,corp-laptop-14,push_mfa
2026-01-29T19:16:39,engineer.a,login_success,51.8.70.182,UK,True,UK,AS-BT,corp-workstation-7,push_mfa
2026-01-29T19:17:30,engineer.a,mfa_challenge,51.69.221.138,UK,True,UK,AS-BT,corp-laptop-11,webauthn
2026-01-29T22:36:57,peer5,login_success,51.24.24.49,UK,False,UK,AS-ORCHID-CORP,corp-workstation-7,webauthn
2026-01-29T23:33:40,peer1,login_success,51.25.71.100,UK,False,UK,AS-VIRGIN,corp-laptop-22,push_mfa
2026-01-29T23:34:02,peer1,mfa_challenge,51.114.50.228,UK,False,UK,AS-VIRGIN,corp-laptop-14,push_mfa
2026-01-30T00:48:28,peer3,login_success,51.162.111.86,UK,True,UK,AS-VIRGIN,corp-laptop-22,webauthn
2026-01-30T00:49:54,peer3,mfa_challenge,51.86.7.147,UK,True,UK,AS-VIRGIN,corp-workstation-7,push_mfa
2026-01-30T08:40:25,engineer.a,login_success,51.95.116.158,UK,True,UK,AS-BT,corp-workstation-7,password+mfa
2026-01-30T11:04:58,peer2,login_success,34.149.238.203,US,False,US,AS-ATT,corp-laptop-14,webauthn
2026-01-30T14:08:50,peer5,login_success,51.148.107.35,UK,False,UK,AS-VIRGIN,corp-laptop-22,push_mfa
2026-01-30T14:09:58,peer5,mfa_challenge,51.54.51.169,UK,False,UK,AS-VIRGIN,corp-laptop-22,password+mfa
2026-01-30T14:25:23,peer3,login_success,91.209.178.225,DE,False,DE,AS-HETZNER,corp-laptop-11,webauthn
2026-01-30T16:01:04,peer4,login_success,34.227.25.162,US,True,UK,AS-ORCHID-CORP-US,corp-workstation-7,webauthn
2026-01-30T19:17:11,peer4,login_success,51.170.64.170,UK,False,UK,AS-VIRGIN,corp-laptop-11,webauthn
2026-01-30T21:06:20,peer1,login_success,51.23.65.118,UK,True,UK,AS-VIRGIN,corp-laptop-22,password+mfa
2026-01-30T22:40:35,peer4,login_success,91.183.45.192,DE,False,DE,AS-HETZNER,corp-laptop-22,push_mfa
2026-01-30T22:41:51,peer4,mfa_challenge,91.76.151.122,DE,False,DE,AS-HETZNER,corp-laptop-14,push_mfa
2026-01-30T23:57:32,peer5,login_success,51.135.132.68,UK,False,UK,AS-VIRGIN,corp-workstation-7,webauthn
2026-01-30T23:57:43,peer5,mfa_challenge,51.204.121.65,UK,False,UK,AS-VIRGIN,corp-laptop-11,push_mfa
2026-01-31T00:09:05,engineer.a,login_success,51.36.133.180,UK,False,UK,AS-BT,corp-laptop-22,password+mfa
2026-01-31T00:10:14,engineer.a,mfa_challenge,51.208.86.97,UK,False,UK,AS-BT,corp-workstation-7,push_mfa
2026-01-31T03:45:17,peer3,login_success,34.54.75.199,US,False,US,AS-ORCHID-CORP-US,corp-laptop-22,webauthn
2026-01-31T07:07:18,peer1,login_success,51.45.12.183,UK,True,UK,AS-ORCHID-CORP,corp-laptop-22,password+mfa
2026-01-31T07:09:04,peer1,mfa_challenge,51.226.127.11,UK,True,UK,AS-ORCHID-CORP,corp-laptop-22,push_mfa
2026-01-31T12:19:22,peer1,login_success,51.203.192.86,UK,False,UK,AS-ORCHID-CORP,corp-workstation-7,push_mfa
2026-01-31T12:21:10,peer1,mfa_challenge,51.227.145.130,UK,False,UK,AS-ORCHID-CORP,corp-laptop-11,push_mfa
2026-01-31T12:59:58,peer4,login_success,51.114.236.210,UK,False,UK,AS-ORCHID-CORP,corp-laptop-14,password+mfa
2026-01-31T13:01:29,peer4,mfa_challenge,51.41.183.219,UK,False,UK,AS-ORCHID-CORP,corp-laptop-22,webauthn
2026-01-31T13:02:23,peer5,login_success,51.127.10.142,UK,False,UK,AS-BT,corp-laptop-22,webauthn
2026-01-31T13:02:30,peer5,mfa_challenge,51.215.207.48,UK,False,UK,AS-BT,corp-laptop-14,push_mfa
2026-01-31T14:20:59,peer5,login_success,51.248.114.107,UK,False,UK,AS-BT,corp-laptop-22,push_mfa
2026-01-31T14:21:09,peer5,mfa_challenge,51.210.111.124,UK,False,UK,AS-BT,corp-laptop-22,password+mfa
2026-01-31T16:43:49,engineer.a,login_success,51.184.159.138,UK,False,UK,AS-ORCHID-CORP,corp-laptop-14,webauthn
2026-01-31T18:51:20,engineer.a,login_success,51.172.132.129,UK,False,UK,AS-VIRGIN,corp-laptop-14,push_mfa
2026-01-31T21:25:11,peer2,login_success,51.251.227.18,UK,False,UK,AS-ORCHID-CORP,corp-workstation-7,webauthn
2026-01-31T23:47:25,peer1,login_success,51.161.134.203,UK,True,UK,AS-BT,corp-workstation-7,webauthn
2026-01-31T23:49:15,peer1,mfa_challenge,51.198.114.36,UK,True,UK,AS-BT,corp-laptop-14,push_mfa
2026-02-01T00:51:47,peer5,login_success,51.109.211.148,UK,False,UK,AS-BT,corp-workstation-7,password+mfa
2026-02-01T00:53:27,peer5,mfa_challenge,51.103.142.245,UK,False,UK,AS-BT,corp-laptop-11,webauthn
2026-02-01T01:49:35,peer5,login_success,51.128.60.111,UK,False,UK,AS-ORCHID-CORP,corp-laptop-22,password+mfa
2026-02-01T01:50:21,peer5,mfa_challenge,51.45.57.70,UK,False,UK,AS-ORCHID-CORP,corp-laptop-14,push_mfa
2026-02-01T03:34:51,peer1,login_success,51.149.117.213,UK,False,UK,AS-BT,corp-laptop-14,push_mfa
2026-02-01T03:35:39,peer1,mfa_challenge,51.254.21.167,UK,False,UK,AS-BT,corp-laptop-14,push_mfa
2026-02-01T04:07:08,peer1,login_success,91.229.69.173,DE,False,DE,AS-DE-TELEKOM,corp-laptop-14,password+mfa
2026-02-01T04:08:04,peer1,mfa_challenge,91.247.44.19,DE,False,DE,AS-DE-TELEKOM,corp-workstation-7,push_mfa
2026-02-01T08:02:22,peer2,login_success,51.149.132.1,UK,False,UK,AS-VIRGIN,corp-workstation-7,push_mfa
2026-02-01T08:48:19,peer4,login_success,51.34.33.101,UK,False,UK,AS-BT,corp-laptop-11,push_mfa
2026-02-01T10:45:00,engineer.a,login_success,91.173.238.231,DE,True,UK,AS-DE-TELEKOM,corp-laptop-14,push_mfa
2026-02-01T11:21:06,peer5,login_success,51.41.141.10,UK,True,UK,AS-VIRGIN,corp-workstation-7,push_mfa
2026-02-01T14:21:49,peer3,login_success,51.114.73.80,UK,False,UK,AS-ORCHID-CORP,corp-laptop-22,push_mfa
2026-02-01T14:23:44,peer3,mfa_challenge,51.247.104.75,UK,False,UK,AS-ORCHID-CORP,corp-laptop-22,push_mfa
2026-02-01T16:27:40,peer4,login_success,34.137.150.223,US,True,UK,AS-ATT,corp-laptop-22,push_mfa
2026-02-01T16:28:44,peer4,mfa_challenge,34.14.81.189,US,True,UK,AS-ATT,corp-laptop-14,push_mfa
2026-02-01T16:46:27,peer5,login_success,51.84.175.143,UK,False,UK,AS-VIRGIN,corp-laptop-11,push_mfa
2026-02-01T16:47:03,peer5,mfa_challenge,51.220.107.224,UK,False,UK,AS-VIRGIN,corp-laptop-11,webauthn
2026-02-01T17:15:35,engineer.a,login_success,51.53.219.175,UK,False,UK,AS-ORCHID-CORP,corp-laptop-22,password+mfa
2026-02-01T17:15:44,engineer.a,mfa_challenge,51.212.193.37,UK,False,UK,AS-ORCHID-CORP,corp-laptop-11,push_mfa
2026-02-01T20:58:39,peer3,login_success,51.29.28.223,UK,True,UK,AS-BT,corp-laptop-22,push_mfa
2026-02-01T20:59:16,peer3,mfa_challenge,51.13.38.144,UK,True,UK,AS-BT,corp-workstation-7,push_mfa
2026-02-01T22:13:12,peer1,login_success,51.25.109.56,UK,False,UK,AS-VIRGIN,corp-workstation-7,webauthn
2026-02-02T03:09:22,peer1,login_success,51.55.28.241,UK,False,UK,AS-ORCHID-CORP,corp-laptop-11,webauthn
2026-02-02T03:36:47,peer1,login_success,51.188.76.210,UK,False,UK,AS-VIRGIN,corp-workstation-7,push_mfa
2026-02-02T04:37:47,peer3,login_success,51.197.228.112,UK,False,UK,AS-VIRGIN,corp-laptop-14,webauthn
2026-02-02T04:39:22,peer3,mfa_challenge,51.244.18.127,UK,False,UK,AS-VIRGIN,corp-laptop-22,push_mfa
2026-02-02T07:02:41,peer5,login_success,51.28.236.161,UK,False,UK,AS-ORCHID-CORP,corp-laptop-22,push_mfa
2026-02-02T07:04:13,peer5,mfa_challenge,51.203.82.6,UK,False,UK,AS-ORCHID-CORP,corp-workstation-7,push_mfa
2026-02-02T07:33:39,peer2,login_success,51.42.17.164,UK,False,UK,AS-ORCHID-CORP,corp-laptop-14,push_mfa
2026-02-02T07:34:25,peer2,mfa_challenge,51.120.232.98,UK,False,UK,AS-ORCHID-CORP,corp-laptop-11,webauthn
2026-02-02T08:48:36,peer3,login_success,51.171.145.141,UK,False,UK,AS-BT,corp-laptop-14,push_mfa
2026-02-02T12:36:04,peer3,login_success,51.102.152.77,UK,False,UK,AS-BT,corp-workstation-7,password+mfa
2026-02-02T12:36:27,peer3,mfa_challenge,51.83.168.117,UK,False,UK,AS-BT,corp-laptop-14,push_mfa
2026-02-02T12:57:48,engineer.a,login_success,51.154.32.3,UK,False,UK,AS-VIRGIN,corp-laptop-11,push_mfa
2026-02-02T13:21:44,peer4,login_success,34.124.41.16,US,False,US,AS-COMCAST,corp-laptop-22,webauthn
2026-02-02T14:04:05,peer1,login_success,91.163.155.129,DE,False,DE,AS-DE-TELEKOM,corp-laptop-11,push_mfa
2026-02-02T14:04:49,peer1,mfa_challenge,91.252.61.222,DE,False,DE,AS-DE-TELEKOM,corp-workstation-7,webauthn
2026-02-02T15:03:24,engineer.a,login_success,51.158.230.158,UK,False,UK,AS-ORCHID-CORP,corp-laptop-22,push_mfa
2026-02-02T15:24:42,peer5,login_success,34.202.237.184,US,False,US,AS-COMCAST,corp-laptop-14,webauthn
2026-02-02T15:26:35,peer5,mfa_challenge,34.205.74.45,US,False,US,AS-COMCAST,corp-laptop-14,webauthn
2026-02-02T16:43:53,peer1,login_success,51.212.145.42,UK,False,UK,AS-BT,corp-workstation-7,push_mfa
2026-02-02T21:07:06,engineer.a,login_success,51.130.132.172,UK,False,UK,AS-BT,corp-workstation-7,push_mfa
2026-02-02T22:48:53,engineer.a,login_success,91.86.116.43,DE,True,UK,AS-HETZNER,corp-laptop-22,push_mfa
2026-02-02T22:49:25,engineer.a,mfa_challenge,91.240.89.168,DE,True,UK,AS-HETZNER,corp-laptop-11,push_mfa
2026-02-03T01:42:24,peer3,login_success,51.62.122.86,UK,False,UK,AS-VIRGIN,corp-laptop-22,push_mfa
2026-02-03T01:44:12,peer3,mfa_challenge,51.158.130.1,UK,False,UK,AS-VIRGIN,corp-laptop-14,push_mfa
2026-02-03T03:33:40,peer3,login_success,51.106.189.148,UK,False,UK,AS-VIRGIN,corp-workstation-7,push_mfa
2026-02-03T03:35:10,peer3,mfa_challenge,51.88.197.92,UK,False,UK,AS-VIRGIN,corp-laptop-22,push_mfa
2026-02-03T05:01:23,peer4,login_success,51.81.38.39,UK,False,UK,AS-VIRGIN,corp-laptop-11,push_mfa
2026-02-03T09:22:42,peer4,login_success,91.28.233.127,DE,True,UK,AS-DE-TELEKOM,corp-workstation-7,webauthn
2026-02-03T09:22:53,peer4,mfa_challenge,91.106.3.175,DE,True,UK,AS-DE-TELEKOM,corp-laptop-22,push_mfa
2026-02-03T09:41:57,engineer.a,login_success,103.120.170.113,SG,True,UK,AS-OVH-SG,corp-laptop-22,webauthn
2026-02-03T09:43:08,peer5,login_success,51.95.198.160,UK,False,UK,AS-BT,corp-workstation-7,push_mfa
2026-02-03T09:44:08,peer5,mfa_challenge,51.205.202.170,UK,False,UK,AS-BT,corp-workstation-7,password+mfa
2026-02-03T11:57:49,peer1,login_success,51.243.237.140,UK,False,UK,AS-VIRGIN,corp-laptop-11,webauthn
2026-02-03T11:58:57,peer1,mfa_challenge,51.67.236.169,UK,False,UK,AS-VIRGIN,corp-workstation-7,password+mfa
2026-02-03T12:19:53,engineer.a,login_success,103.49.123.138,SG,True,UK,AS-SINGTEL,corp-workstation-7,webauthn
2026-02-03T12:20:30,engineer.a,mfa_challenge,103.127.238.154,SG,True,UK,AS-SINGTEL,corp-laptop-11,password+mfa
2026-02-03T16:28:26,peer1,login_success,51.118.85.168,UK,False,UK,AS-VIRGIN,corp-workstation-7,webauthn
2026-02-03T16:30:03,peer1,mfa_challenge,51.123.205.94,UK,False,UK,AS-VIRGIN,corp-laptop-14,push_mfa
2026-02-03T19:26:14,engineer.a,login_success,133.190.91.93,JP,True,UK,AS-KDDI,corp-laptop-11,webauthn
2026-02-03T19:47:56,peer2,login_success,51.157.236.194,UK,True,UK,AS-ORCHID-CORP,corp-laptop-11,webauthn
2026-02-03T19:49:29,peer2,mfa_challenge,51.194.60.77,UK,True,UK,AS-ORCHID-CORP,corp-workstation-7,push_mfa
2026-02-03T21:53:39,peer1,login_success,51.7.201.184,UK,False,UK,AS-VIRGIN,corp-laptop-14,webauthn
2026-02-03T21:54:53,peer1,mfa_challenge,51.59.181.246,UK,False,UK,AS-VIRGIN,corp-laptop-11,password+mfa
2026-02-03T23:27:22,peer3,login_success,51.242.63.32,UK,False,UK,AS-BT,corp-workstation-7,push_mfa
2026-02-04T01:55:50,peer4,login_success,34.104.128.85,US,False,US,AS-ATT,corp-laptop-14,webauthn
2026-02-04T01:56:04,peer4,mfa_challenge,34.141.89.67,US,False,US,AS-ATT,corp-workstation-7,push_mfa
2026-02-04T07:32:32,engineer.a,login_success,34.195.161.160,US,False,US,AS-ATT,corp-workstation-7,webauthn
2026-02-04T08:35:50,peer1,login_success,51.9.62.178,UK,False,UK,AS-BT,corp-laptop-11,webauthn
2026-02-04T08:37:37,peer1,mfa_challenge,51.252.232.99,UK,False,UK,AS-BT,corp-laptop-22,webauthn
2026-02-04T11:00:54,peer3,login_success,91.60.85.55,DE,False,DE,AS-HETZNER,corp-workstation-7,webauthn
2026-02-04T11:01:07,peer3,mfa_challenge,91.207.233.22,DE,False,DE,AS-HETZNER,corp-laptop-22,push_mfa
2026-02-04T13:25:48,peer5,login_success,34.110.176.250,US,False,US,AS-COMCAST,corp-laptop-11,webauthn
2026-02-04T15:09:35,peer2,login_success,51.174.145.53,UK,False,UK,AS-ORCHID-CORP,corp-laptop-22,push_mfa
2026-02-04T15:10:22,peer2,mfa_challenge,51.116.173.126,UK,False,UK,AS-ORCHID-CORP,corp-workstation-7,webauthn
2026-02-04T16:51:47,peer1,login_success,91.0.37.159,DE,True,UK,AS-HETZNER,corp-laptop-22,push_mfa
2026-02-04T16:52:56,peer1,mfa_challenge,91.64.62.252,DE,True,UK,AS-HETZNER,corp-laptop-11,webauthn
2026-02-04T21:43:46,peer1,login_success,34.165.114.108,US,False,US,AS-ORCHID-CORP-US,corp-laptop-22,push_mfa
2026-02-04T21:44:06,peer1,mfa_challenge,34.154.22.180,US,False,US,AS-ORCHID-CORP-US,corp-laptop-22,push_mfa
2026-02-04T23:18:58,peer5,login_success,51.150.244.133,UK,False,UK,AS-ORCHID-CORP,corp-laptop-14,webauthn
2026-02-04T23:19:14,peer5,mfa_challenge,51.233.44.194,UK,False,UK,AS-ORCHID-CORP,corp-laptop-14,webauthn
2026-02-04T23:49:42,peer1,login_success,51.248.80.62,UK,False,UK,AS-ORCHID-CORP,corp-laptop-14,password+mfa
2026-02-04T23:51:25,peer1,mfa_challenge,51.165.24.10,UK,False,UK,AS-ORCHID-CORP,corp-laptop-14,webauthn
2026-02-05T00:17:50,peer1,login_success,51.146.125.249,UK,False,UK,AS-VIRGIN,corp-laptop-14,push_mfa
2026-02-05T00:18:08,peer1,mfa_challenge,51.30.240.13,UK,False,UK,AS-VIRGIN,corp-workstation-7,webauthn
2026-02-05T00:29:09,peer5,login_success,51.27.170.95,UK,True,UK,AS-BT,corp-laptop-11,webauthn
2026-02-05T00:30:37,peer5,mfa_challenge,51.161.146.39,UK,True,UK,AS-BT,corp-laptop-22,push_mfa
2026-02-05T01:39:07,peer5,login_success,51.155.138.14,UK,False,UK,AS-BT,corp-laptop-22,password+mfa
2026-02-05T01:40:35,peer5,mfa_challenge,51.153.162.67,UK,False,UK,AS-BT,corp-laptop-14,push_mfa
2026-02-05T03:31:12,peer5,login_success,34.205.65.3,US,False,US,AS-ATT,corp-laptop-22,webauthn
2026-02-05T06:38:39,peer4,login_success,51.131.72.214,UK,False,UK,AS-ORCHID-CORP,corp-laptop-11,push_mfa
2026-02-05T08:33:16,peer5,login_success,51.118.221.138,UK,False,UK,AS-ORCHID-CORP,corp-laptop-14,push_mfa
2026-02-05T08:38:19,peer2,login_success,34.40.56.253,US,False,US,AS-COMCAST,corp-laptop-11,push_mfa
2026-02-05T08:39:21,peer2,mfa_challenge,34.189.128.248,US,False,US,AS-COMCAST,corp-laptop-11,password+mfa
2026-02-05T08:42:38,peer1,login_success,34.0.233.237,US,False,US,AS-COMCAST,corp-laptop-22,password+mfa
2026-02-05T11:56:00,peer4,login_success,51.32.187.230,UK,False,UK,AS-VIRGIN,corp-workstation-7,push_mfa
2026-02-05T11:57:38,peer4,mfa_challenge,51.5.69.61,UK,False,UK,AS-VIRGIN,corp-laptop-22,webauthn
2026-02-05T17:32:48,engineer.a,login_success,34.9.83.37,US,False,US,AS-ORCHID-CORP-US,corp-laptop-11,push_mfa
2026-02-05T17:34:01,engineer.a,mfa_challenge,34.172.10.129,US,False,US,AS-ORCHID-CORP-US,corp-laptop-14,push_mfa
2026-02-05T19:16:59,peer2,login_success,51.125.60.5,UK,False,UK,AS-VIRGIN,corp-workstation-7,webauthn
2026-02-05T19:52:33,peer3,login_success,91.197.77.83,DE,False,DE,AS-HETZNER,corp-workstation-7,webauthn
2026-02-05T19:53:28,peer3,mfa_challenge,91.165.14.243,DE,False,DE,AS-HETZNER,corp-laptop-11,push_mfa
2026-02-05T22:08:13,peer2,login_success,51.40.135.42,UK,False,UK,AS-BT,corp-laptop-22,webauthn
2026-02-06T00:05:12,engineer.a,login_success,51.73.60.61,UK,False,UK,AS-VIRGIN,corp-laptop-22,push_mfa
2026-02-06T05:12:56,engineer.a,login_success,91.118.189.181,DE,False,DE,AS-DE-TELEKOM,corp-workstation-7,password+mfa
2026-02-06T10:34:35,engineer.a,login_success,51.236.173.17,UK,False,UK,AS-BT,corp-laptop-22,webauthn
2026-02-06T12:08:06,peer5,login_success,51.110.228.241,UK,False,UK,AS-ORCHID-CORP,corp-laptop-14,webauthn
2026-02-06T12:20:08,peer5,login_success,51.229.241.130,UK,False,UK,AS-ORCHID-CORP,corp-laptop-14,webauthn
2026-02-06T12:31:59,peer4,login_success,51.122.230.223,UK,False,UK,AS-ORCHID-CORP,corp-laptop-11,push_mfa
2026-02-06T14:35:43,peer5,login_success,51.248.215.87,UK,False,UK,AS-ORCHID-CORP,corp-laptop-11,webauthn
2026-02-06T14:37:07,peer5,mfa_challenge,51.192.16.109,UK,False,UK,AS-ORCHID-CORP,corp-laptop-14,push_mfa
2026-02-06T15:29:28,peer3,login_success,91.241.222.128,DE,False,DE,AS-HETZNER,corp-laptop-11,webauthn
2026-02-06T15:30:47,peer3,mfa_challenge,91.174.23.250,DE,False,DE,AS-HETZNER,corp-workstation-7,password+mfa
2026-02-06T18:15:55,engineer.a,login_success,51.144.41.179,UK,True,UK,AS-VIRGIN,corp-laptop-22,push_mfa
2026-02-06T18:16:49,engineer.a,mfa_challenge,51.235.77.18,UK,True,UK,AS-VIRGIN,corp-laptop-22,password+mfa
2026-02-06T22:01:32,peer1,login_success,34.204.192.145,US,True,UK,AS-ORCHID-CORP-US,corp-workstation-7,push_mfa
2026-02-06T22:18:17,peer2,login_success,51.215.93.240,UK,False,UK,AS-ORCHID-CORP,corp-laptop-22,push_mfa
2026-02-06T22:19:43,peer2,mfa_challenge,51.16.75.26,UK,False,UK,AS-ORCHID-CORP,corp-laptop-14,webauthn
2026-02-07T00:20:32,peer4,login_success,91.51.189.232,DE,False,DE,AS-HETZNER,corp-laptop-11,webauthn
2026-02-07T00:21:16,peer4,mfa_challenge,91.92.145.191,DE,False,DE,AS-HETZNER,corp-laptop-14,password+mfa
2026-02-07T00:44:08,engineer.a,login_success,91.27.155.34,DE,False,DE,AS-DE-TELEKOM,corp-workstation-7,push_mfa
2026-02-07T00:44:12,peer2,login_success,51.22.224.171,UK,False,UK,AS-VIRGIN,corp-laptop-11,push_mfa
2026-02-07T00:44:43,peer2,mfa_challenge,51.208.202.77,UK,False,UK,AS-VIRGIN,corp-laptop-11,webauthn
2026-02-07T00:45:32,engineer.a,mfa_challenge,91.213.217.232,DE,False,DE,AS-DE-TELEKOM,corp-laptop-14,webauthn
2026-02-07T00:56:53,peer5,login_success,51.173.123.49,UK,False,UK,AS-VIRGIN,corp-laptop-11,password+mfa
2026-02-07T00:58:14,peer5,mfa_challenge,51.47.12.91,UK,False,UK,AS-VIRGIN,corp-laptop-11,password+mfa
2026-02-07T01:46:11,peer1,login_success,34.122.102.234,US,False,US,AS-COMCAST,corp-workstation-7,push_mfa
2026-02-07T01:48:07,peer1,mfa_challenge,34.223.32.204,US,False,US,AS-COMCAST,corp-laptop-22,webauthn
2026-02-07T05:40:34,peer1,login_success,34.211.237.235,US,False,US,AS-COMCAST,corp-laptop-14,password+mfa
2026-02-07T07:40:50,peer1,login_success,51.103.57.159,UK,False,UK,AS-ORCHID-CORP,corp-workstation-7,webauthn
2026-02-07T09:55:21,peer5,login_success,91.57.246.231,DE,False,DE,AS-DE-TELEKOM,corp-workstation-7,webauthn
2026-02-07T09:55:23,peer4,login_success,51.218.69.196,UK,False,UK,AS-ORCHID-CORP,corp-workstation-7,push_mfa
2026-02-07T09:56:58,peer4,mfa_challenge,51.4.110.15,UK,False,UK,AS-ORCHID-CORP,corp-laptop-11,push_mfa
2026-02-07T15:46:05,peer3,login_success,51.10.150.116,UK,False,UK,AS-ORCHID-CORP,corp-laptop-22,webauthn
2026-02-07T15:47:07,peer3,mfa_challenge,51.138.88.27,UK,False,UK,AS-ORCHID-CORP,corp-workstation-7,webauthn
2026-02-07T18:34:51,peer1,login_success,51.34.92.77,UK,False,UK,AS-BT,corp-laptop-11,push_mfa
2026-02-07T18:36:36,peer1,mfa_challenge,51.183.154.253,UK,False,UK,AS-BT,corp-workstation-7,password+mfa
2026-02-07T20:14:39,engineer.a,login_success,51.36.118.197,UK,False,UK,AS-BT,corp-laptop-14,webauthn
2026-02-07T20:28:32,peer5,login_success,51.100.221.71,UK,False,UK,AS-VIRGIN,corp-workstation-7,webauthn
2026-02-07T20:28:52,peer5,mfa_challenge,51.232.27.125,UK,False,UK,AS-VIRGIN,corp-laptop-14,password+mfa
2026-02-07T20:49:53,peer1,login_success,51.23.163.78,UK,False,UK,AS-VIRGIN,corp-laptop-11,webauthn
2026-02-07T20:50:59,peer1,mfa_challenge,51.112.91.247,UK,False,UK,AS-VIRGIN,corp-laptop-11,webauthn
2026-02-07T21:51:25,peer3,login_success,51.124.23.235,UK,False,UK,AS-BT,corp-workstation-7,webauthn
2026-02-08T00:45:13,peer4,login_success,51.122.47.209,UK,True,UK,AS-VIRGIN,corp-laptop-14,webauthn
2026-02-08T00:45:51,peer4,mfa_challenge,51.162.86.98,UK,True,UK,AS-VIRGIN,corp-laptop-11,push_mfa
2026-02-08T01:01:10,peer4,login_success,51.231.207.71,UK,False,UK,AS-BT,corp-laptop-14,push_mfa
2026-02-08T01:01:17,peer4,mfa_challenge,51.203.225.68,UK,False,UK,AS-BT,corp-laptop-11,webauthn
2026-02-08T01:50:39,peer2,login_success,51.21.77.62,UK,False,UK,AS-VIRGIN,corp-laptop-11,push_mfa
2026-02-08T01:51:53,peer2,mfa_challenge,51.216.120.148,UK,False,UK,AS-VIRGIN,corp-workstation-7,push_mfa
2026-02-08T02:42:14,peer2,login_success,51.48.42.110,UK,False,UK,AS-VIRGIN,corp-laptop-22,webauthn
2026-02-08T02:43:16,peer2,mfa_challenge,51.104.96.32,UK,False,UK,AS-VIRGIN,corp-workstation-7,push_mfa
2026-02-08T05:13:31,engineer.a,login_success,34.213.69.50,US,False,US,AS-ORCHID-CORP-US,corp-laptop-14,password+mfa
2026-02-08T07:31:33,peer2,login_success,91.85.162.49,DE,True,UK,AS-HETZNER,corp-laptop-11,webauthn
2026-02-08T07:32:18,peer2,mfa_challenge,91.10.73.247,DE,True,UK,AS-HETZNER,corp-laptop-11,webauthn
2026-02-08T09:27:29,peer4,login_success,91.12.223.1,DE,False,DE,AS-HETZNER,corp-laptop-14,webauthn
2026-02-08T09:29:07,peer4,mfa_challenge,91.41.16.32,DE,False,DE,AS-HETZNER,corp-laptop-11,password+mfa
2026-02-08T10:08:38,engineer.a,login_success,51.191.207.181,UK,True,UK,AS-BT,corp-laptop-11,push_mfa
2026-02-08T10:48:12,peer4,login_success,51.224.71.14,UK,True,UK,AS-VIRGIN,corp-laptop-14,webauthn
2026-02-08T12:16:46,peer5,login_success,91.208.233.142,DE,False,DE,AS-DE-TELEKOM,corp-laptop-11,webauthn
2026-02-08T12:17:46,peer5,mfa_challenge,91.154.124.186,DE,False,DE,AS-DE-TELEKOM,corp-workstation-7,webauthn
2026-02-08T13:23:16,peer4,login_success,34.29.128.114,US,False,US,AS-COMCAST,corp-workstation-7,push_mfa
2026-02-08T13:23:53,peer4,mfa_challenge,34.210.244.124,US,False,US,AS-COMCAST,corp-laptop-14,push_mfa
2026-02-08T16:07:43,peer1,login_success,51.193.218.93,UK,False,UK,AS-BT,corp-laptop-22,webauthn
2026-02-08T16:08:12,peer1,mfa_challenge,51.23.57.85,UK,False,UK,AS-BT,corp-laptop-11,password+mfa
2026-02-08T17:24:00,peer1,login_success,51.240.87.254,UK,False,UK,AS-ORCHID-CORP,corp-workstation-7,webauthn
2026-02-08T17:24:28,peer1,mfa_challenge,51.198.199.52,UK,False,UK,AS-ORCHID-CORP,corp-laptop-11,password+mfa
2026-02-08T18:20:55,peer3,login_success,91.191.10.121,DE,False,DE,AS-HETZNER,corp-laptop-22,webauthn
2026-02-08T20:25:59,peer1,login_success,51.52.31.110,UK,False,UK,AS-ORCHID-CORP,corp-laptop-11,push_mfa
2026-02-08T20:26:56,peer1,mfa_challenge,51.91.83.125,UK,False,UK,AS-ORCHID-CORP,corp-laptop-11,push_mfa
2026-02-08T23:23:40,peer2,login_success,34.188.160.240,US,False,US,AS-ATT,corp-laptop-14,password+mfa
2026-02-08T23:24:11,peer2,mfa_challenge,34.116.59.129,US,False,US,AS-ATT,corp-laptop-14,push_mfa
2026-02-09T02:50:44,peer1,login_success,51.240.122.135,UK,False,UK,AS-VIRGIN,corp-workstation-7,password+mfa
2026-02-09T02:51:30,peer1,mfa_challenge,51.140.207.238,UK,False,UK,AS-VIRGIN,corp-laptop-14,webauthn
2026-02-09T07:55:08,peer1,login_success,51.3.163.170,UK,True,UK,AS-ORCHID-CORP,corp-workstation-7,push_mfa
2026-02-09T08:07:31,peer5,login_success,51.132.34.108,UK,True,UK,AS-VIRGIN,corp-laptop-11,push_mfa
2026-02-09T10:53:00,peer3,login_success,51.81.171.29,UK,False,UK,AS-VIRGIN,corp-laptop-11,push_mfa
2026-02-09T10:54:30,peer3,mfa_challenge,51.90.120.205,UK,False,UK,AS-VIRGIN,corp-laptop-14,webauthn
2026-02-09T14:37:26,engineer.a,login_success,34.62.60.106,US,False,US,AS-ATT,corp-workstation-7,push_mfa
2026-02-09T14:38:41,engineer.a,mfa_challenge,34.67.33.198,US,False,US,AS-ATT,corp-laptop-11,password+mfa
2026-02-09T21:12:00,engineer.a,login_success,34.235.251.6,US,False,US,AS-ORCHID-CORP-US,corp-laptop-22,webauthn
2026-02-09T21:13:53,engineer.a,mfa_challenge,34.248.219.249,US,False,US,AS-ORCHID-CORP-US,corp-laptop-11,push_mfa
2026-02-09T21:41:33,peer2,login_success,51.170.215.39,UK,False,UK,AS-ORCHID-CORP,corp-laptop-22,push_mfa
2026-02-09T21:43:12,engineer.a,login_success,51.210.78.5,UK,False,UK,AS-BT,corp-workstation-7,push_mfa
2026-02-09T21:43:41,engineer.a,mfa_challenge,51.234.14.18,UK,False,UK,AS-BT,corp-laptop-22,push_mfa
2026-02-09T21:52:17,peer2,login_success,51.46.2.126,UK,True,UK,AS-ORCHID-CORP,corp-workstation-7,webauthn
2026-02-09T21:52:45,peer2,mfa_challenge,51.14.78.20,UK,True,UK,AS-ORCHID-CORP,corp-laptop-22,push_mfa
2026-02-09T21:59:39,peer4,login_success,51.216.249.152,UK,False,UK,AS-VIRGIN,corp-laptop-11,password+mfa
2026-02-09T22:26:11,peer2,login_success,51.146.219.239,UK,True,UK,AS-VIRGIN,corp-laptop-14,webauthn
2026-02-09T22:27:49,peer2,mfa_challenge,51.176.226.73,UK,True,UK,AS-VIRGIN,corp-laptop-22,push_mfa
